date,downloads
2025-03-28,377978
2025-03-27,435773
2025-03-26,null
2025-03-24,284601
2025-03-23,98268
2025-03-22,211861
2025-03-21,348475
2025-03-20,400963
2025-03-19,418458
2025-03-18,417836
2025-03-17,260133
2025-03-16,116667
2025-03-15,249080
2025-03-14,416362
2025-03-13,473740
2025-03-12,530692
2025-03-11,470416
2025-03-10,247495
2025-03-09,92282
2025-03-08,224027
2025-03-07,426004
2025-03-06,437250
2025-03-05,424998
2025-03-04,368448
2025-03-03,217494
2025-03-02,72983
2025-03-01,181835
2025-02-28,358032
2025-02-27,370868
2025-02-26,386413
2025-02-25,408228
2025-02-24,256465
2025-02-23,99636
2025-02-22,197714
2025-02-21,421214
2025-02-20,433457
2025-02-19,425440
2025-02-18,341868
2025-02-17,258426
2025-02-16,75846
2025-02-15,171004
2025-02-14,370170
2025-02-13,384128
2025-02-12,402694
2025-02-11,377262
2025-02-10,261246
2025-02-09,90357
2025-02-08,208475
2025-02-07,394663
2025-02-06,383922
2025-02-05,410515
2025-02-04,394346
2025-02-03,251663
2025-02-02,86726
2025-02-01,187370
2025-01-31,361336
2025-01-30,348293
2025-01-29,378410
2025-01-28,358662
2025-01-27,225635
2025-01-26,70935
2025-01-25,182963
2025-01-24,325507
2025-01-23,326069
2025-01-22,427059
2025-01-21,320639
2025-01-20,224700
2025-01-19,72571
2025-01-18,169154
2025-01-17,329027
2025-01-16,443693
2025-01-15,405188
2025-01-14,334168
2025-01-13,211465
2025-01-12,73909
2025-01-11,182304
2025-01-10,332458
2025-01-09,322642
2025-01-08,369140
2025-01-07,341111
2025-01-06,202391
2025-01-05,69919
2025-01-04,133100
2025-01-03,221862
2025-01-02,147066
2025-01-01,121715
2024-12-31,168944
2024-12-30,141069
2024-12-29,70278
2024-12-28,100434
2024-12-27,169790
2024-12-26,148493
2024-12-25,129212
2024-12-24,210095
2024-12-23,179842
2024-12-22,71029
2024-12-21,157535
2024-12-20,306093
2024-12-19,353837
2024-12-18,360744
2024-12-17,357606
2024-12-16,272051
2024-12-15,79127
2024-12-14,197436
2024-12-13,338134
2024-12-12,414714
2024-12-11,403156
2024-12-10,340105
2024-12-09,244648
2024-12-08,71799
2024-12-07,160663
2024-12-06,386379
2024-12-05,350571
2024-12-04,359159
2024-12-03,362958
2024-12-02,215293
2024-12-01,75192
2024-11-30,115681
2024-11-29,231049
2024-11-28,297575
2024-11-27,328017
2024-11-26,385956
2024-11-25,242787
2024-11-24,71727
2024-11-23,173151
2024-11-22,317469
2024-11-21,358901
2024-11-20,329378
2024-11-19,343200
2024-11-18,203683
2024-11-17,69726
2024-11-16,155746
2024-11-15,308001
2024-11-14,325096
2024-11-13,350568
2024-11-12,381416
2024-11-11,225035
2024-11-10,78156
2024-11-09,214613
2024-11-08,386392
2024-11-07,369581
2024-11-06,393906
2024-11-05,395304
2024-11-04,204701
2024-11-03,69701
2024-11-02,193132
2024-11-01,null
2024-10-30,405227
2024-10-29,403318
2024-10-28,242012
2024-10-27,68797
2024-10-26,204206
2024-10-25,382503
2024-10-24,418972
2024-10-23,402306
2024-10-22,418790
2024-10-21,257493
2024-10-20,67671
2024-10-19,202375
2024-10-18,363069
2024-10-17,406528
2024-10-16,421542
2024-10-15,282607
2024-10-14,176786
2024-10-13,60678
2024-10-12,131306
2024-10-11,278164
2024-10-10,302808
2024-10-09,291735
2024-10-08,300199
2024-10-07,207264
2024-10-06,60713
2024-10-05,162128
2024-10-04,345313
2024-10-03,318630
2024-10-02,273151
2024-10-01,301448
2024-09-30,199123
2024-09-29,63409
2024-09-28,131214
2024-09-27,271526
2024-09-26,299120
2024-09-25,313022
2024-09-24,327980
2024-09-23,210181
2024-09-22,58638
2024-09-21,154238
2024-09-20,301975
2024-09-19,319693
2024-09-18,335957
2024-09-17,372182
2024-09-16,205504
2024-09-15,57280
2024-09-14,135045
2024-09-13,294748
2024-09-12,335998
2024-09-11,386284
2024-09-10,388149
2024-09-09,265681
2024-09-08,64494
2024-09-07,172688
2024-09-06,352815
2024-09-05,396862
2024-09-04,370380
2024-09-03,247144
2024-09-02,193825
2024-09-01,73142
2024-08-31,132634
2024-08-30,270077
2024-08-29,298023
2024-08-28,340381
2024-08-27,309705
2024-08-26,200804
2024-08-25,58781
2024-08-24,145352
2024-08-23,299628
2024-08-22,292863
2024-08-21,null
2024-07-23,360515
2024-07-22,198763
2024-07-21,58526
2024-07-20,150250
2024-07-19,281453
2024-07-18,315263
2024-07-17,309542
2024-07-16,309079
2024-07-15,186738
2024-07-14,58043
2024-07-13,135737
2024-07-12,266279
2024-07-11,299140
2024-07-10,302073
2024-07-09,304446
2024-07-08,193429
2024-07-07,null
2024-06-12,367617
2024-06-11,408279
2024-06-10,226799
2024-06-09,56280
2024-06-08,190455
2024-06-07,369337
2024-06-06,432591
2024-06-05,422735
2024-06-04,356894
2024-06-03,216812
2024-06-02,117581
2024-06-01,103441
2024-05-31,296275
2024-05-30,355914
2024-05-29,356841
2024-05-28,255662
2024-05-27,190688
2024-05-26,54840
2024-05-25,155643
2024-05-24,315193
2024-05-23,327183
2024-05-22,341968
2024-05-21,341168
2024-05-20,209493
2024-05-19,66762
2024-05-18,172781
2024-05-17,293477
2024-05-16,293520
2024-05-15,294565
2024-05-14,298089
2024-05-13,189620
2024-05-12,61615
2024-05-11,126647
2024-05-10,249260
2024-05-09,281243
2024-05-08,287480
2024-05-07,306383
2024-05-06,170438
2024-05-05,60361
2024-05-04,131192
2024-05-03,247289
2024-05-02,271236
2024-05-01,250150
2024-04-30,301700
2024-04-29,175601
2024-04-28,58304
2024-04-27,141247
2024-04-26,278780
2024-04-25,294020
2024-04-24,302028
2024-04-23,295835
2024-04-22,202206
2024-04-21,58290
2024-04-20,133336
2024-04-19,268798
2024-04-18,296636
2024-04-17,307265
2024-04-16,313189
2024-04-15,204960
2024-04-14,58322
2024-04-13,142686
2024-04-12,285666
2024-04-11,325872
2024-04-10,255908
2024-04-09,288834
2024-04-08,208557
2024-04-07,64073
2024-04-06,132013
2024-04-05,262161
2024-04-04,307717
2024-04-03,319998
2024-04-02,279454
2024-04-01,151770
2024-03-31,58744
2024-03-30,116643
2024-03-29,240984
2024-03-28,301900
2024-03-27,308212
2024-03-26,307273
2024-03-25,197801
2024-03-24,63162
2024-03-23,150966
2024-03-22,302566
2024-03-21,325739
2024-03-20,308573
2024-03-19,322991
2024-03-18,198141
2024-03-17,62892
2024-03-16,141426
2024-03-15,274749
2024-03-14,305898
2024-03-13,303392
2024-03-12,315902
2024-03-11,203906
2024-03-10,65819
2024-03-09,158625
2024-03-08,291019
2024-03-07,327439
2024-03-06,322564
2024-03-05,338903
2024-03-04,217985
2024-03-03,72527
2024-03-02,176955
2024-03-01,326118
2024-02-29,373753
2024-02-28,373471
2024-02-27,426475
2024-02-26,226790
2024-02-25,75793
2024-02-24,155316
2024-02-23,281519
2024-02-22,316362
2024-02-21,306385
2024-02-20,256577
2024-02-19,190224
2024-02-18,63661
2024-02-17,151305
2024-02-16,275881
2024-02-15,297252
2024-02-14,282652
2024-02-13,308863
2024-02-12,169058
2024-02-11,58968
2024-02-10,147076
2024-02-09,268524
2024-02-08,295707
2024-02-07,304286
2024-02-06,321995
2024-02-05,206183
2024-02-04,73550
2024-02-03,146711
2024-02-02,286911
2024-02-01,311887
2024-01-31,311583
2024-01-30,306061
2024-01-29,193788
2024-01-28,68030
2024-01-27,143122
2024-01-26,253939
2024-01-25,280866
2024-01-24,285743
2024-01-23,288761
2024-01-22,195145
2024-01-21,76308
2024-01-20,158517
2024-01-19,269926
2024-01-18,297888
2024-01-17,309117
2024-01-16,248382
2024-01-15,188491
2024-01-14,80308
2024-01-13,158792
2024-01-12,286884
2024-01-11,284547
2024-01-10,312406
2024-01-09,314708
2024-01-08,178354
2024-01-07,81378
2024-01-06,158377
2024-01-05,252257
2024-01-04,257649
2024-01-03,243076
2024-01-02,147458
2024-01-01,88593
2023-12-31,73418
2023-12-30,100483
2023-12-29,147712
2023-12-28,165105
2023-12-27,159044
2023-12-26,132132
2023-12-25,108969
2023-12-24,71100
2023-12-23,121602
2023-12-22,228287
2023-12-21,261409
2023-12-20,272477
2023-12-19,292261
2023-12-18,197220
2023-12-17,81392
2023-12-16,157378
2023-12-15,263970
2023-12-14,284449
2023-12-13,292252
2023-12-12,310487
2023-12-11,202835
2023-12-10,81614
2023-12-09,158630
2023-12-08,271386
2023-12-07,281926
2023-12-06,296592
2023-12-05,303934
2023-12-04,193857
2023-12-03,81181
2023-12-02,167715
2023-12-01,285359
2023-11-30,309146
2023-11-29,306096
2023-11-28,297740
2023-11-27,193889
2023-11-26,78320
2023-11-25,112853
2023-11-24,219440
2023-11-23,244779
2023-11-22,300594
2023-11-21,294512
2023-11-20,195820
2023-11-19,78907
2023-11-18,164133
2023-11-17,279743
2023-11-16,286079
2023-11-15,301697
2023-11-14,313963
2023-11-13,188865
2023-11-12,76564
2023-11-11,143890
2023-11-10,271543
2023-11-09,296357
2023-11-08,307481
2023-11-07,317658
2023-11-06,196919
2023-11-05,79418
2023-11-04,163140
2023-11-03,264826
2023-11-02,293174
2023-11-01,292262
2023-10-31,302745
2023-10-30,206558
2023-10-29,88248
2023-10-28,159099
2023-10-27,270171
2023-10-26,297970
2023-10-25,296694
2023-10-24,291299
2023-10-23,202591
2023-10-22,77396
2023-10-21,147559
2023-10-20,288806
2023-10-19,304019
2023-10-18,306868
2023-10-17,303045
2023-10-16,208828
2023-10-15,83667
2023-10-14,152529
2023-10-13,278398
2023-10-12,309083
2023-10-11,311615
2023-10-10,283727
2023-10-09,204555
2023-10-08,87543
2023-10-07,152715
2023-10-06,288789
2023-10-05,313872
2023-10-04,298815
2023-10-03,293291
2023-10-02,179352
2023-10-01,87612
2023-09-30,158774
2023-09-29,277884
2023-09-28,295693
2023-09-27,305510
2023-09-26,316243
2023-09-25,205908
2023-09-24,86544
2023-09-23,148795
2023-09-22,272321
2023-09-21,315780
2023-09-20,305297
2023-09-19,301995
2023-09-18,190863
2023-09-17,84215
2023-09-16,161377
2023-09-15,286953
2023-09-14,304224
2023-09-13,320377
2023-09-12,337747
2023-09-11,227905
2023-09-10,87533
2023-09-09,159276
2023-09-08,272624
2023-09-07,302575
2023-09-06,309702
2023-09-05,240627
2023-09-04,196225
2023-09-03,81155
2023-09-02,146846
2023-09-01,278757
2023-08-31,303852
2023-08-30,301939
2023-08-29,347923
2023-08-28,220755
2023-08-27,88614
2023-08-26,182661
2023-08-25,331573
2023-08-24,347840
2023-08-23,331630
2023-08-22,309266
2023-08-21,208260
2023-08-20,79772
2023-08-19,155782
2023-08-18,271658
2023-08-17,279950
2023-08-16,275977
2023-08-15,265867
2023-08-14,197346
2023-08-13,81469
2023-08-12,140790
2023-08-11,253328
2023-08-10,302428
2023-08-09,330095
2023-08-08,284049
2023-08-07,201367
2023-08-06,80527
2023-08-05,142928
2023-08-04,269038
2023-08-03,293486
2023-08-02,313032
2023-08-01,326456
2023-07-31,207541
2023-07-30,81291
2023-07-29,148842
2023-07-28,282633
2023-07-27,321831
2023-07-26,318705
2023-07-25,301945
2023-07-24,203730
2023-07-23,78608
2023-07-22,153271
2023-07-21,273642
2023-07-20,328769
2023-07-19,311375
2023-07-18,307252
2023-07-17,191865
2023-07-16,81703
2023-07-15,206895
2023-07-14,344853
2023-07-13,377975
2023-07-12,436055
2023-07-11,485673
2023-07-10,263445
2023-07-09,86413
2023-07-08,258922
2023-07-07,475311
2023-07-06,481348
2023-07-05,320109
2023-07-04,374002
2023-07-03,259102
2023-07-02,87266
2023-07-01,283096
2023-06-30,485644
2023-06-29,481848
2023-06-28,507859
2023-06-27,446041
2023-06-26,214424
2023-06-25,76773
2023-06-24,145528
2023-06-23,275843
2023-06-22,303250
2023-06-21,333752
2023-06-20,267062
2023-06-19,211306
2023-06-18,81011
2023-06-17,156132
2023-06-16,282084
2023-06-15,302491
2023-06-14,303739
2023-06-13,299090
2023-06-12,202945
2023-06-11,78522
2023-06-10,149970
2023-06-09,273508
2023-06-08,294309
2023-06-07,309909
2023-06-06,307204
2023-06-05,206975
2023-06-04,81970
2023-06-03,164036
2023-06-02,285065
2023-06-01,316937
2023-05-31,303673
2023-05-30,250974
2023-05-29,194499
2023-05-28,86129
2023-05-27,144184
2023-05-26,278654
2023-05-25,320577
2023-05-24,301495
2023-05-23,297467
2023-05-22,232938
2023-05-21,89304
2023-05-20,158387
2023-05-19,269951
2023-05-18,277686
2023-05-17,302575
2023-05-16,308333
2023-05-15,206642
2023-05-14,78957
2023-05-13,151152
2023-05-12,283579
2023-05-11,289886
2023-05-10,292015
2023-05-09,285781
2023-05-08,198198
2023-05-07,82776
2023-05-06,157754
2023-05-05,254194
2023-05-04,270237
2023-05-03,284173
2023-05-02,258235
2023-05-01,138041
2023-04-30,73911
2023-04-29,146966
2023-04-28,273135
2023-04-27,295575
2023-04-26,312618
2023-04-25,339431
2023-04-24,206804
2023-04-23,88963
2023-04-22,164144
2023-04-21,294838
2023-04-20,320409
2023-04-19,313459
2023-04-18,290052
2023-04-17,193635
2023-04-16,77174
2023-04-15,155599
2023-04-14,287652
2023-04-13,319773
2023-04-12,346951
2023-04-11,351507
2023-04-10,172489
2023-04-09,85090
2023-04-08,132228
2023-04-07,238943
2023-04-06,330476
2023-04-05,360094
2023-04-04,313521
2023-04-03,211091
2023-04-02,80876
2023-04-01,172928
2023-03-31,295866
2023-03-30,310958
2023-03-29,305663
2023-03-28,339257
2023-03-27,212316
2023-03-26,91865
2023-03-25,173948
2023-03-24,302063
2023-03-23,322440
2023-03-22,328110
2023-03-21,330146
2023-03-20,323811
2023-03-19,99082
2023-03-18,261156
2023-03-17,422211
2023-03-16,353808
2023-03-15,335340
2023-03-14,330758
2023-03-13,208664
2023-03-12,140341
2023-03-11,230692
2023-03-10,280461
2023-03-09,281801
2023-03-08,241018
2023-03-07,271442
2023-03-06,197223
2023-03-05,95269
2023-03-04,265985
2023-03-03,277464
2023-03-02,286614
2023-03-01,265064
2023-02-28,279001
2023-02-27,184315
2023-02-26,89121
2023-02-25,268708
2023-02-24,288388
2023-02-23,284179
2023-02-22,275570
2023-02-21,245858
2023-02-20,193010
2023-02-19,118354
2023-02-18,255076
2023-02-17,272348
2023-02-16,295632
2023-02-15,304706
2023-02-14,308223
2023-02-13,205488
2023-02-12,89475
2023-02-11,203091
2023-02-10,288986
2023-02-09,335875
2023-02-08,317161
2023-02-07,317650
2023-02-06,203223
2023-02-05,83934
2023-02-04,174029
2023-02-03,328116
2023-02-02,324635
2023-02-01,327824
2023-01-31,347046
2023-01-30,217039
2023-01-29,89223
2023-01-28,176511
2023-01-27,309403
2023-01-26,324585
2023-01-25,358752
2023-01-24,342686
2023-01-23,206457
2023-01-22,85712
2023-01-21,197801
2023-01-20,352993
2023-01-19,365215
2023-01-18,323151
2023-01-17,242479
2023-01-16,179371
2023-01-15,80418
2023-01-14,151946
2023-01-13,272720
2023-01-12,294593
2023-01-11,314307
2023-01-10,314332
2023-01-09,182057
2023-01-08,79103
2023-01-07,167134
2023-01-06,260491
2023-01-05,287612
2023-01-04,287790
2023-01-03,183918
2023-01-02,128414
2023-01-01,72116
2022-12-31,98793
2022-12-30,162158
2022-12-29,193868
2022-12-28,187603
2022-12-27,158702
2022-12-26,132516
2022-12-25,72184
2022-12-24,114183
2022-12-23,229108
2022-12-22,262488
2022-12-21,278770
2022-12-20,275941
2022-12-19,183198
2022-12-18,79097
2022-12-17,220743
2022-12-16,291189
2022-12-15,310790
2022-12-14,310610
2022-12-13,307397
2022-12-12,190107
2022-12-11,81215
2022-12-10,190192
2022-12-09,304949
2022-12-08,322888
2022-12-07,308647
2022-12-06,316968
2022-12-05,205237
2022-12-04,89739
2022-12-03,276983
2022-12-02,276522
2022-12-01,267526
2022-11-30,288875
2022-11-29,289712
2022-11-28,188396
2022-11-27,80972
2022-11-26,122753
2022-11-25,242160
2022-11-24,279653
2022-11-23,272557
2022-11-22,291046
2022-11-21,199577
2022-11-20,79856
2022-11-19,244682
2022-11-18,287712
2022-11-17,291525
2022-11-16,294749
2022-11-15,303179
2022-11-14,198022
2022-11-13,81031
2022-11-12,226871
2022-11-11,296195
2022-11-10,309514
2022-11-09,293155
2022-11-08,315315
2022-11-07,184765
2022-11-06,83466
2022-11-05,182664
2022-11-04,292140
2022-11-03,281318
2022-11-02,291374
2022-11-01,292484
2022-10-31,181638
2022-10-30,81592
2022-10-29,256107
2022-10-28,290960
2022-10-27,276039
2022-10-26,305373
2022-10-25,284886
2022-10-24,178111
2022-10-23,80714
2022-10-22,193606
2022-10-21,298627
2022-10-20,282526
2022-10-19,301302
2022-10-18,303576
2022-10-17,196312
2022-10-16,134094
2022-10-15,283987
2022-10-14,274554
2022-10-13,161349
2022-10-12,304820
2022-10-11,278325
2022-10-10,179241
2022-10-09,83498
2022-10-08,153193
2022-10-07,288585
2022-10-06,291744
2022-10-05,291903
2022-10-04,297527
2022-10-03,186068
2022-10-02,106372
2022-10-01,138354
2022-09-30,278349
2022-09-29,307780
2022-09-28,283727
2022-09-27,288296
2022-09-26,179110
2022-09-25,78276
2022-09-24,156156
2022-09-23,265896
2022-09-22,285141
2022-09-21,308531
2022-09-20,303680
2022-09-19,175702
2022-09-18,82877
2022-09-17,156966
2022-09-16,280493
2022-09-15,317022
2022-09-14,311202
2022-09-13,304096
2022-09-12,217281
2022-09-11,86330
2022-09-10,169646
2022-09-09,284396
2022-09-08,308533
2022-09-07,295332
2022-09-06,232394
2022-09-05,164264
2022-09-04,86411
2022-09-03,241643
2022-09-02,286681
2022-09-01,270348
2022-08-31,265317
2022-08-30,270549
2022-08-29,174923
2022-08-28,86035
2022-08-27,191879
2022-08-26,257371
2022-08-25,288840
2022-08-24,299358
2022-08-23,308758
2022-08-22,183431
2022-08-21,82840
2022-08-20,205946
2022-08-19,263458
2022-08-18,280794
2022-08-17,261177
2022-08-16,267772
2022-08-15,172023
2022-08-14,81255
2022-08-13,185791
2022-08-12,297817
2022-08-11,302605
2022-08-10,313133
2022-08-09,257813
2022-08-08,190273
2022-08-07,88275
2022-08-06,194968
2022-08-05,287732
2022-08-04,304132
2022-08-03,290891
2022-08-02,296435
2022-08-01,195322
2022-07-31,78302
2022-07-30,159712
2022-07-29,307947
2022-07-28,308020
2022-07-27,316049
2022-07-26,306363
2022-07-25,187717
2022-07-24,80399
2022-07-23,205215
2022-07-22,279473
2022-07-21,307281
2022-07-20,309996
2022-07-19,309398
2022-07-18,173634
2022-07-17,70284
2022-07-16,175570
2022-07-15,284920
2022-07-14,324241
2022-07-13,311982
2022-07-12,284582
2022-07-11,162155
2022-07-10,67393
2022-07-09,155830
2022-07-08,272343
2022-07-07,277649
2022-07-06,293318
2022-07-05,219523
2022-07-04,155798
2022-07-03,63600
2022-07-02,180876
2022-07-01,254303
2022-06-30,290575
2022-06-29,310980
2022-06-28,278472
2022-06-27,171104
2022-06-26,79934
2022-06-25,151641
2022-06-24,263228
2022-06-23,284221
2022-06-22,274469
2022-06-21,246994
2022-06-20,151267
2022-06-19,65808
2022-06-18,151368
2022-06-17,283459
2022-06-16,333025
2022-06-15,307443
2022-06-14,287549
2022-06-13,174462
2022-06-12,74771
2022-06-11,216600
2022-06-10,287611
2022-06-09,294104
2022-06-08,289347
2022-06-07,280366
2022-06-06,160457
2022-06-05,70258
2022-06-04,151272
2022-06-03,286205
2022-06-02,298632
2022-06-01,304834
2022-05-31,249208
2022-05-30,190195
2022-05-29,72528
2022-05-28,153406
2022-05-27,265009
2022-05-26,304672
2022-05-25,333596
2022-05-24,310974
2022-05-23,189057
2022-05-22,65754
2022-05-21,162319
2022-05-20,292010
2022-05-19,332950
2022-05-18,373021
2022-05-17,329690
2022-05-16,181056
2022-05-15,69089
2022-05-14,167627
2022-05-13,null
2022-05-11,315805
2022-05-10,321666
2022-05-09,179600
2022-05-08,66460
2022-05-07,155083
2022-05-06,268027
2022-05-05,285327
2022-05-04,278196
2022-05-03,250344
2022-05-02,157723
2022-05-01,74792
2022-04-30,199153
2022-04-29,337160
2022-04-28,354544
2022-04-27,319060
2022-04-26,253067
2022-04-25,157834
2022-04-24,60493
2022-04-23,140492
2022-04-22,245889
2022-04-21,265845
2022-04-20,263478
2022-04-19,233857
2022-04-18,123674
2022-04-17,57213
2022-04-16,105995
2022-04-15,202735
2022-04-14,263574
2022-04-13,325368
2022-04-12,326251
2022-04-11,160712
2022-04-10,62408
2022-04-09,154440
2022-04-08,248347
2022-04-07,272989
2022-04-06,276363
2022-04-05,270525
2022-04-04,176366
2022-04-03,65798
2022-04-02,137890
2022-04-01,255394
2022-03-31,297329
2022-03-30,278288
2022-03-29,275509
2022-03-28,175406
2022-03-27,65904
2022-03-26,129733
2022-03-25,251115
2022-03-24,273029
2022-03-23,288418
2022-03-22,276784
2022-03-21,158648
2022-03-20,65612
2022-03-19,135361
2022-03-18,255813
2022-03-17,279020
2022-03-16,295407
2022-03-15,305365
2022-03-14,196448
2022-03-13,80027
2022-03-12,168541
2022-03-11,291542
2022-03-10,330848
2022-03-09,346699
2022-03-08,282588
2022-03-07,170359
2022-03-06,72431
2022-03-05,155787
2022-03-04,263651
2022-03-03,276680
2022-03-02,270579
2022-03-01,256398
2022-02-28,159890
2022-02-27,67328
2022-02-26,171907
2022-02-25,251321
2022-02-24,278504
2022-02-23,273719
2022-02-22,235245
2022-02-21,164739
2022-02-20,64830
2022-02-19,153167
2022-02-18,254365
2022-02-17,272040
2022-02-16,293825
2022-02-15,316313
2022-02-14,192970
2022-02-13,72171
2022-02-12,184096
2022-02-11,237058
2022-02-10,247453
2022-02-09,260739
2022-02-08,253574
2022-02-07,152083
2022-02-06,68526
2022-02-05,142358
2022-02-04,241544
2022-02-03,250235
2022-02-02,248438
2022-02-01,260158
2022-01-31,147627
2022-01-30,59063
2022-01-29,139841
2022-01-28,243733
2022-01-27,247905
2022-01-26,239770
2022-01-25,259612
2022-01-24,152312
2022-01-23,61478
2022-01-22,138443
2022-01-21,240048
2022-01-20,250732
2022-01-19,249604
2022-01-18,205774
2022-01-17,156609
2022-01-16,62082
2022-01-15,136575
2022-01-14,230118
2022-01-13,257794
2022-01-12,265889
2022-01-11,267699
2022-01-10,149093
2022-01-09,69580
2022-01-08,148655
2022-01-07,233475
2022-01-06,229556
2022-01-05,240231
2022-01-04,193852
2022-01-03,99825
2022-01-02,56490
2022-01-01,63109
2021-12-31,105617
2021-12-30,132239
2021-12-29,138109
2021-12-28,139240
2021-12-27,104796
2021-12-26,55237
2021-12-25,63237
2021-12-24,144237
2021-12-23,197224
2021-12-22,224647
2021-12-21,232097
2021-12-20,155290
2021-12-19,65713
2021-12-18,140555
2021-12-17,251105
2021-12-16,null
2021-12-14,236830
2021-12-13,144567
2021-12-12,65115
2021-12-11,140166
2021-12-10,230557
2021-12-09,239707
2021-12-08,220413
2021-12-07,240707
2021-12-06,140457
2021-12-05,67481
2021-12-04,138453
2021-12-03,237435
2021-12-02,245219
2021-12-01,249317
2021-11-30,229166
2021-11-29,134360
2021-11-28,54062
2021-11-27,92526
2021-11-26,163342
2021-11-25,214936
2021-11-24,225240
2021-11-23,215359
2021-11-22,137233
2021-11-21,61487
2021-11-20,131253
2021-11-19,222591
2021-11-18,236580
2021-11-17,232889
2021-11-16,221885
2021-11-15,148010
2021-11-14,58818
2021-11-13,122014
2021-11-12,204667
2021-11-11,220705
2021-11-10,234200
2021-11-09,239286
2021-11-08,155592
2021-11-07,61552
2021-11-06,126711
2021-11-05,209861
2021-11-04,225399
2021-11-03,213710
2021-11-02,222692
2021-11-01,137605
2021-10-31,63178
2021-10-30,123412
2021-10-29,219295
2021-10-28,239611
2021-10-27,243126
2021-10-26,230019
2021-10-25,150809
2021-10-24,59022
2021-10-23,119238
2021-10-22,213413
2021-10-21,242137
2021-10-20,240548
2021-10-19,234261
2021-10-18,149968
2021-10-17,62213
2021-10-16,113707
2021-10-15,202075
2021-10-14,223810
2021-10-13,241803
2021-10-12,215407
2021-10-11,140851
2021-10-10,56881
2021-10-09,119914
2021-10-08,215432
2021-10-07,235277
2021-10-06,246638
2021-10-05,225571
2021-10-04,141838
2021-10-03,58538
2021-10-02,116442
2021-10-01,204841
2021-09-30,219850
2021-09-29,231036
2021-09-28,243259
2021-09-27,145739
2021-09-26,60030
2021-09-25,115012
2021-09-24,204163
2021-09-23,221114
2021-09-22,229599
2021-09-21,228482
2021-09-20,139207
2021-09-19,56335
2021-09-18,114464
2021-09-17,218764
2021-09-16,231588
2021-09-15,230093
2021-09-14,234101
2021-09-13,142634
2021-09-12,61656
2021-09-11,121486
2021-09-10,216300
2021-09-09,231233
2021-09-08,219399
2021-09-07,168813
2021-09-06,141167
2021-09-05,60854
2021-09-04,106249
2021-09-03,207839
2021-09-02,227639
2021-09-01,229238
2021-08-31,223169
2021-08-30,140663
2021-08-29,54264
2021-08-28,112474
2021-08-27,208687
2021-08-26,222801
2021-08-25,225021
2021-08-24,240952
2021-08-23,150294
2021-08-22,55136
2021-08-21,108152
2021-08-20,211635
2021-08-19,211961
2021-08-18,208273
2021-08-17,207539
2021-08-16,126901
2021-08-15,46407
2021-08-14,101894
2021-08-13,191868
2021-08-12,208761
2021-08-11,209813
2021-08-10,216834
2021-08-09,117181
2021-08-08,47905
2021-08-07,103911
2021-08-06,202213
2021-08-05,208205
2021-08-04,213531
2021-08-03,209173
2021-08-02,138047
2021-08-01,50707
2021-07-31,108879
2021-07-30,197901
2021-07-29,209066
2021-07-28,216986
2021-07-27,227900
2021-07-26,135495
2021-07-25,49937
2021-07-24,117797
2021-07-23,225980
2021-07-22,246839
2021-07-21,216857
2021-07-20,222004
2021-07-19,130302
2021-07-18,47183
2021-07-17,null
2021-07-13,254928
2021-07-12,142236
2021-07-11,57160
2021-07-10,126144
2021-07-09,216544
2021-07-08,241743
2021-07-07,225663
2021-07-06,171705
2021-07-05,124720
2021-07-04,49157
2021-07-03,119130
2021-07-02,218668
2021-07-01,249751
2021-06-30,246438
2021-06-29,246387
2021-06-28,156063
2021-06-27,60953
2021-06-26,134522
2021-06-25,226549
2021-06-24,244862
2021-06-23,244528
2021-06-22,234112
2021-06-21,128743
2021-06-20,48709
2021-06-19,90711
2021-06-18,200327
2021-06-17,206129
2021-06-16,212252
2021-06-15,211968
2021-06-14,131145
2021-06-13,49671
2021-06-12,110115
2021-06-11,208579
2021-06-10,225180
2021-06-09,230961
2021-06-08,220754
2021-06-07,142177
2021-06-06,52365
2021-06-05,107381
2021-06-04,199266
2021-06-03,219321
2021-06-02,219295
2021-06-01,163959
2021-05-31,124206
2021-05-30,48855
2021-05-29,92859
2021-05-28,190442
2021-05-27,217072
2021-05-26,232637
2021-05-25,223669
2021-05-24,127438
2021-05-23,52439
2021-05-22,107736
2021-05-21,207438
2021-05-20,230090
2021-05-19,230559
2021-05-18,234301
2021-05-17,145448
2021-05-16,51888
2021-05-15,166502
2021-05-14,204905
2021-05-13,217975
2021-05-12,240345
2021-05-11,231954
2021-05-10,146580
2021-05-09,54756
2021-05-08,117086
2021-05-07,226109
2021-05-06,249107
2021-05-05,196822
2021-05-04,194932
2021-05-03,111951
2021-05-02,53371
2021-05-01,119231
2021-04-30,202305
2021-04-29,211811
2021-04-28,206808
2021-04-27,201012
2021-04-26,137705
2021-04-25,51633
2021-04-24,113374
2021-04-23,209244
2021-04-22,224885
2021-04-21,210321
2021-04-20,225889
2021-04-19,152071
2021-04-18,52847
2021-04-17,114248
2021-04-16,221355
2021-04-15,226522
2021-04-14,212385
2021-04-13,217969
2021-04-12,134764
2021-04-11,46395
2021-04-10,116399
2021-04-09,213494
2021-04-08,226384
2021-04-07,225914
2021-04-06,231625
2021-04-05,108280
2021-04-04,51000
2021-04-03,100416
2021-04-02,191409
2021-04-01,246990
2021-03-31,254090
2021-03-30,252435
2021-03-29,161726
2021-03-28,59952
2021-03-27,129419
2021-03-26,210374
2021-03-25,175258
2021-03-24,210598
2021-03-23,223302
2021-03-22,123689
2021-03-21,51416
2021-03-20,118542
2021-03-19,207427
2021-03-18,212047
2021-03-17,218054
2021-03-16,236461
2021-03-15,137845
2021-03-14,52416
2021-03-13,146169
2021-03-12,227425
2021-03-11,244508
2021-03-10,243006
2021-03-09,244086
2021-03-08,130691
2021-03-07,55914
2021-03-06,147868
2021-03-05,241415
2021-03-04,244125
2021-03-03,244801
2021-03-02,250744
2021-03-01,136026
2021-02-28,53040
2021-02-27,141909
2021-02-26,232214
2021-02-25,242433
2021-02-24,244479
2021-02-23,226466
2021-02-22,133308
2021-02-21,53520
2021-02-20,141299
2021-02-19,234525
2021-02-18,305978
2021-02-17,246029
2021-02-16,200028
2021-02-15,167829
2021-02-14,63367
2021-02-13,167462
2021-02-12,301971
2021-02-11,270896
2021-02-10,216282
2021-02-09,215515
2021-02-08,127800
2021-02-07,51039
2021-02-06,123473
2021-02-05,215250
2021-02-04,219267
2021-02-03,232258
2021-02-02,256855
2021-02-01,137366
2021-01-31,49254
2021-01-30,120822
2021-01-29,198243
2021-01-28,208578
2021-01-27,214278
2021-01-26,212196
2021-01-25,129771
2021-01-24,49765
2021-01-23,131269
2021-01-22,203898
2021-01-21,213272
2021-01-20,212381
2021-01-19,165897
2021-01-18,117324
2021-01-17,51060
2021-01-16,114667
2021-01-15,197920
2021-01-14,202919
2021-01-13,null
2021-01-11,109322
2021-01-10,47566
2021-01-09,117699
2021-01-08,187547
2021-01-07,191312
2021-01-06,208647
2021-01-05,212881
2021-01-04,103716
2021-01-03,39582
2021-01-02,40054
2021-01-01,58831
2020-12-31,96127
2020-12-30,112351
2020-12-29,112774
2020-12-28,81288
2020-12-27,40322
2020-12-26,39484
2020-12-25,66233
2020-12-24,136962
2020-12-23,183507
2020-12-22,187498
2020-12-21,111473
2020-12-20,45603
2020-12-19,120175
2020-12-18,193479
2020-12-17,201017
2020-12-16,218560
2020-12-15,216036
2020-12-14,122224
2020-12-13,47490
2020-12-12,124138
2020-12-11,198936
2020-12-10,202738
2020-12-09,203921
2020-12-08,195535
2020-12-07,110803
2020-12-06,46961
2020-12-05,116631
2020-12-04,262447
2020-12-03,200166
2020-12-02,202855
2020-12-01,202684
2020-11-30,111178
2020-11-29,42133
2020-11-28,69334
2020-11-27,125125
2020-11-26,163267
2020-11-25,184535
2020-11-24,192357
2020-11-23,104033
2020-11-22,45772
2020-11-21,112807
2020-11-20,192335
2020-11-19,203743
2020-11-18,205732
2020-11-17,215227
2020-11-16,122098
2020-11-15,45331
2020-11-14,122967
2020-11-13,190353
2020-11-12,188930
2020-11-11,195078
2020-11-10,206677
2020-11-09,129371
2020-11-08,44824
2020-11-07,114148
2020-11-06,185077
2020-11-05,193788
2020-11-04,191786
2020-11-03,194063
2020-11-02,117615
2020-11-01,48487
2020-10-31,113803
2020-10-30,184433
2020-10-29,197969
2020-10-28,203688
2020-10-27,213739
2020-10-26,124316
2020-10-25,45314
2020-10-24,110452
2020-10-23,193839
2020-10-22,218852
2020-10-21,214504
2020-10-20,218763
2020-10-19,132013
2020-10-18,47731
2020-10-17,116365
2020-10-16,205785
2020-10-15,218562
2020-10-14,209561
2020-10-13,210980
2020-10-12,130732
2020-10-11,50269
2020-10-10,107527
2020-10-09,202864
2020-10-08,225008
2020-10-07,210007
2020-10-06,214663
2020-10-05,132207
2020-10-04,47784
2020-10-03,112508
2020-10-02,200183
2020-10-01,215351
2020-09-30,221191
2020-09-29,210665
2020-09-28,123383
2020-09-27,43240
2020-09-26,108354
2020-09-25,199367
2020-09-24,215049
2020-09-23,217908
2020-09-22,208231
2020-09-21,123449
2020-09-20,45339
2020-09-19,116865
2020-09-18,206732
2020-09-17,225072
2020-09-16,238611
2020-09-15,233537
2020-09-14,145075
2020-09-13,52957
2020-09-12,124156
2020-09-11,224849
2020-09-10,225499
2020-09-09,194123
2020-09-08,140237
2020-09-07,115746
2020-09-06,47703
2020-09-05,93322
2020-09-04,190784
2020-09-03,200777
2020-09-02,200993
2020-09-01,187197
2020-08-31,110245
2020-08-30,42251
2020-08-29,96365
2020-08-28,175707
2020-08-27,176965
2020-08-26,181277
2020-08-25,183595
2020-08-24,120924
2020-08-23,44837
2020-08-22,98534
2020-08-21,170928
2020-08-20,183381
2020-08-19,191688
2020-08-18,183908
2020-08-17,127501
2020-08-16,45832
2020-08-15,93462
2020-08-14,177150
2020-08-13,187431
2020-08-12,196810
2020-08-11,186949
2020-08-10,106338
2020-08-09,43474
2020-08-08,96267
2020-08-07,183754
2020-08-06,186862
2020-08-05,186823
2020-08-04,174579
2020-08-03,112275
2020-08-02,45357
2020-08-01,100227
2020-07-31,174455
2020-07-30,193378
2020-07-29,193374
2020-07-28,197901
2020-07-27,120693
2020-07-26,44641
2020-07-25,97456
2020-07-24,175727
2020-07-23,185751
2020-07-22,192723
2020-07-21,189784
2020-07-20,121822
2020-07-19,47052
2020-07-18,97092
2020-07-17,180569
2020-07-16,194173
2020-07-15,183403
2020-07-14,189564
2020-07-13,119930
2020-07-12,46584
2020-07-11,97629
2020-07-10,170810
2020-07-09,188508
2020-07-08,193807
2020-07-07,187611
2020-07-06,118411
2020-07-05,44019
2020-07-04,60522
2020-07-03,159071
2020-07-02,182028
2020-07-01,177303
2020-06-30,191229
2020-06-29,123520
2020-06-28,49020
2020-06-27,94472
2020-06-26,181869
2020-06-25,206218
2020-06-24,194343
2020-06-23,198416
2020-06-22,132970
2020-06-21,49032
2020-06-20,96437
2020-06-19,245150
2020-06-18,215761
2020-06-17,202611
2020-06-16,206977
2020-06-15,128266
2020-06-14,46183
2020-06-13,85822
2020-06-12,171251
2020-06-11,196624
2020-06-10,196903
2020-06-09,206580
2020-06-08,126416
2020-06-07,49126
2020-06-06,120064
2020-06-05,197771
2020-06-04,211298
2020-06-03,197193
2020-06-02,187446
2020-06-01,110923
2020-05-31,48728
2020-05-30,100709
2020-05-29,182599
2020-05-28,187716
2020-05-27,204308
2020-05-26,143410
2020-05-25,103422
2020-05-24,49628
2020-05-23,102618
2020-05-22,243234
2020-05-21,182862
2020-05-20,198950
2020-05-19,214157
2020-05-18,122253
2020-05-17,52029
2020-05-16,93350
2020-05-15,159532
2020-05-14,174651
2020-05-13,175036
2020-05-12,174966
2020-05-11,115110
2020-05-10,54379
2020-05-09,93745
2020-05-08,153469
2020-05-07,173269
2020-05-06,160444
2020-05-05,156156
2020-05-04,104013
2020-05-03,52104
2020-05-02,81344
2020-05-01,128326
2020-04-30,165819
2020-04-29,156159
2020-04-28,165543
2020-04-27,118164
2020-04-26,56070
2020-04-25,91455
2020-04-24,166232
2020-04-23,175188
2020-04-22,175391
2020-04-21,163177
2020-04-20,114039
2020-04-19,53057
2020-04-18,90373
2020-04-17,158574
2020-04-16,162602
2020-04-15,166139
2020-04-14,162557
2020-04-13,91133
2020-04-12,54220
2020-04-11,80209
2020-04-10,134365
2020-04-09,167765
2020-04-08,176914
2020-04-07,188735
2020-04-06,127343
2020-04-05,61085
2020-04-04,115527
2020-04-03,190010
2020-04-02,190253
2020-04-01,190855
2020-03-31,187574
2020-03-30,125057
2020-03-29,54385
2020-03-28,104658
2020-03-27,176478
2020-03-26,185130
2020-03-25,189619
2020-03-24,190973
2020-03-23,127914
2020-03-22,56247
2020-03-21,122876
2020-03-20,185068
2020-03-19,167404
2020-03-18,165276
2020-03-17,158082
2020-03-16,108435
2020-03-15,51592
2020-03-14,93151
2020-03-13,150594
2020-03-12,161365
2020-03-11,173149
2020-03-10,163771
2020-03-09,101859
2020-03-08,45950
2020-03-07,95532
2020-03-06,159610
2020-03-05,171845
2020-03-04,179233
2020-03-03,176818
2020-03-02,117440
2020-03-01,52521
2020-02-29,109822
2020-02-28,159786
2020-02-27,173005
2020-02-26,186439
2020-02-25,180376
2020-02-24,97310
2020-02-23,52379
2020-02-22,102929
2020-02-21,160271
2020-02-20,170934
2020-02-19,175997
2020-02-18,142687
2020-02-17,110656
2020-02-16,54724
2020-02-15,100391
2020-02-14,160887
2020-02-13,177382
2020-02-12,177791
2020-02-11,168598
2020-02-10,109804
2020-02-09,51587
2020-02-08,98967
2020-02-07,164890
2020-02-06,172279
2020-02-05,169331
2020-02-04,168606
2020-02-03,108396
2020-02-02,46579
2020-02-01,98406
2020-01-31,163139
2020-01-30,175598
2020-01-29,168549
2020-01-28,187050
2020-01-27,101285
2020-01-26,48585
2020-01-25,94190
2020-01-24,150189
2020-01-23,170142
2020-01-22,187628
2020-01-21,163081
2020-01-20,132733
2020-01-19,74295
2020-01-18,118044
2020-01-17,180216
2020-01-16,187952
2020-01-15,191341
2020-01-14,199590
2020-01-13,128927
2020-01-12,69758
2020-01-11,143631
2020-01-10,258063
2020-01-09,264574
2020-01-08,250569
2020-01-07,188449
2020-01-06,123972
2020-01-05,67225
2020-01-04,111726
2020-01-03,148425
2020-01-02,98367
2020-01-01,80054
2019-12-31,115713
2019-12-30,98369
2019-12-29,67975
2019-12-28,88949
2019-12-27,119083
2019-12-26,94516
2019-12-25,90234
2019-12-24,130478
2019-12-23,112750
2019-12-22,68914
2019-12-21,113549
2019-12-20,189201
2019-12-19,219267
2019-12-18,190690
2019-12-17,200394
2019-12-16,137488
2019-12-15,73155
2019-12-14,120883
2019-12-13,174175
2019-12-12,187968
2019-12-11,194785
2019-12-10,195519
2019-12-09,132350
2019-12-08,70532
2019-12-07,117387
2019-12-06,185540
2019-12-05,187120
2019-12-04,185209
2019-12-03,196564
2019-12-02,133618
2019-12-01,72011
2019-11-30,84421
2019-11-29,134923
2019-11-28,171031
2019-11-27,178151
2019-11-26,182588
2019-11-25,131865
2019-11-24,76619
2019-11-23,119694
2019-11-22,176329
2019-11-21,191476
2019-11-20,192549
2019-11-19,191534
2019-11-18,131033
2019-11-17,73004
2019-11-16,119916
2019-11-15,182631
2019-11-14,188835
2019-11-13,187272
2019-11-12,185253
2019-11-11,133902
2019-11-10,76621
2019-11-09,124683
2019-11-08,180272
2019-11-07,188110
2019-11-06,189071
2019-11-05,175625
2019-11-04,117154
2019-11-03,68702
2019-11-02,109332
2019-11-01,161333
2019-10-31,181668
2019-10-30,185382
2019-10-29,184752
2019-10-28,127827
2019-10-27,69108
2019-10-26,107454
2019-10-25,175225
2019-10-24,189378
2019-10-23,181854
2019-10-22,176700
2019-10-21,133260
2019-10-20,70086
2019-10-19,110566
2019-10-18,175397
2019-10-17,186023
2019-10-16,184743
2019-10-15,185251
2019-10-14,121239
2019-10-13,72125
2019-10-12,113495
2019-10-11,184978
2019-10-10,193713
2019-10-09,193432
2019-10-08,193982
2019-10-07,139948
2019-10-06,74720
2019-10-05,108216
2019-10-04,177746
2019-10-03,188549
2019-10-02,192195
2019-10-01,189651
2019-09-30,140382
2019-09-29,71883
2019-09-28,112791
2019-09-27,173241
2019-09-26,196232
2019-09-25,199122
2019-09-24,196262
2019-09-23,134740
2019-09-22,78626
2019-09-21,117388
2019-09-20,178187
2019-09-19,188568
2019-09-18,186605
2019-09-17,187576
2019-09-16,127530
2019-09-15,76913
2019-09-12,210002
2019-09-11,193757
2019-09-10,195875
2019-09-09,134100
2019-09-08,73035
2019-09-07,115515
2019-09-06,181579
2019-09-05,188979
2019-09-04,201686
2019-09-03,148839
2019-09-02,123082
2019-09-01,69261
2019-08-30,173957
2019-08-29,187003
2019-08-28,199794
2019-08-27,193134
2019-08-26,139542
2019-08-25,86396
2019-08-24,124689
2019-08-23,198957
2019-08-22,197197
2019-08-21,201656
2019-08-20,196668
2019-08-19,137220
2019-08-18,83396
2019-08-17,117249
2019-08-16,163469
2019-08-15,160638
2019-08-14,165246
2019-08-13,157793
2019-08-12,114066
2019-08-11,66835
2019-08-10,98296
2019-08-09,157254
2019-08-08,163332
2019-08-07,163925
2019-08-06,162706
2019-08-05,124919
2019-08-04,66010
2019-08-03,91579
2019-08-02,153797
2019-08-01,164332
2019-07-31,162106
2019-07-30,166295
2019-07-29,121723
2019-07-28,63442
2019-07-27,95292
2019-07-26,151084
2019-07-25,165087
2019-07-24,161806
2019-07-23,161213
2019-07-22,119225
2019-07-21,60598
2019-07-20,93382
2019-07-19,149036
2019-07-18,162867
2019-07-17,176129
2019-07-16,173797
2019-07-15,112613
2019-07-14,62810
2019-07-13,98598
2019-07-12,155922
2019-07-11,161027
2019-07-10,155075
2019-07-09,152819
2019-07-08,113489
2019-07-07,57094
2019-07-06,77327
2019-07-05,110779
2019-07-04,145791
2019-07-03,161352
2019-07-01,119566
2019-06-30,64886
2019-06-29,100530
2019-06-28,153163
2019-06-27,166629
2019-06-25,null
2019-06-23,63290
2019-06-22,97579
2019-06-21,157631
2019-06-20,160257
2019-06-19,166229
2019-06-18,179392
2019-06-17,125682
2019-06-15,104652
2019-06-14,160986
2019-06-13,161394
2019-06-11,160543
2019-06-10,108120
2019-06-09,61526
2019-06-08,94373
2019-06-07,146351
2019-06-06,159440
2019-06-05,159239
2019-06-04,187385
2019-06-03,116287
2019-06-02,65122
2019-06-01,101371
2019-05-31,149252
2019-05-30,152588
2019-05-29,162353
2019-05-28,135276
2019-05-27,104222
2019-05-26,60590
2019-05-25,94696
2019-05-24,148764
2019-05-23,163351
2019-05-22,169143
2019-05-21,185453
2019-05-20,141112
2019-05-19,97330
2019-05-18,130136
2019-05-17,181358
2019-05-16,189556
2019-05-15,194480
2019-05-14,181832
2019-05-13,116195
2019-05-12,61318
2019-05-11,96873
2019-05-10,155356
2019-05-09,159798
2019-05-08,159994
2019-05-07,158141
2019-05-06,103050
2019-05-05,61295
2019-05-04,98732
2019-05-03,151720
2019-05-02,147231
2019-05-01,138818
2019-04-30,153519
2019-04-29,101997
2019-04-28,60131
2019-04-27,94761
2019-04-26,159098
2019-04-25,168922
2019-04-24,176277
2019-04-23,171110
2019-04-22,90221
2019-04-21,58484
2019-04-20,85110
2019-04-19,129689
2019-04-18,156557
2019-04-17,156741
2019-04-16,161872
2019-04-15,114673
2019-04-14,56203
2019-04-13,98698
2019-04-12,144125
2019-04-11,161515
2019-04-10,160705
2019-04-09,162569
2019-04-08,113851
2019-04-07,55445
2019-04-06,97644
2019-04-05,163693
2019-04-04,164153
2019-04-03,165976
2019-04-02,177308
2019-04-01,118708
2019-03-31,59468
2019-03-30,103373
2019-03-29,173606
2019-03-28,175880
2019-03-27,170946
2019-03-26,168939
2019-03-25,117547
2019-03-24,60863
2019-03-23,97311
2019-03-22,159075
2019-03-21,157564
2019-03-20,167191
2019-03-19,199712
2019-03-18,125516
2019-03-17,59139
2019-03-16,116791
2019-03-15,203616
2019-03-14,206394
2019-03-13,158784
2019-03-12,158215
2019-03-11,99879
2019-03-10,54153
2019-03-09,91106
2019-03-08,135733
2019-03-07,145713
2019-03-06,146128
2019-03-05,142594
2019-03-04,102874
2019-03-03,54456
2019-03-02,89436
2019-03-01,139462
2019-02-28,150697
2019-02-27,147347
2019-02-26,154546
2019-02-25,99833
2019-02-24,53191
2019-02-23,89367
2019-02-22,144089
2019-02-21,153824
2019-02-20,154215
2019-02-19,130482
2019-02-18,98462
2019-02-17,52920
2019-02-16,94234
2019-02-15,140572
2019-02-14,150393
2019-02-13,151610
2019-02-12,153525
2019-02-11,96106
2019-02-10,55587
2019-02-09,98196
2019-02-08,154297
2019-02-07,182300
2019-02-06,190662
2019-02-05,172089
2019-02-04,99309
2019-02-03,56215
2019-02-02,111385
2019-02-01,166630
2019-01-31,170960
2019-01-30,166563
2019-01-29,175724
2019-01-28,97867
2019-01-27,48398
2019-01-26,106150
2019-01-25,158494
2019-01-24,169547
2019-01-23,174619
2019-01-22,122572
2019-01-21,89614
2019-01-20,48303
2019-01-19,136823
2019-01-18,503898
2019-01-17,273713
2019-01-16,200586
2019-01-15,227323
2019-01-14,null
2019-01-12,0
2019-01-11,0
2019-01-10,49032
2019-01-09,144727
2019-01-08,155717
2019-01-07,83042
2019-01-06,45733
2019-01-05,117794
2019-01-04,145852
2019-01-03,138494
2019-01-02,60719
2019-01-01,42390
2018-12-31,49881
2018-12-30,41717
2018-12-29,64107
2018-12-28,93620
2018-12-27,98544
2018-12-26,61783
2018-12-25,58226
2018-12-24,57944
2018-12-23,44815
2018-12-22,98005
2018-12-21,142041
2018-12-20,164478
2018-12-19,175408
2018-12-18,177963
2018-12-17,97517
2018-12-16,48983
2018-12-15,126004
2018-12-14,194618
2018-12-13,209817
2018-12-12,226860
2018-12-11,211368
2018-12-10,106680
2018-12-09,55204
2018-12-08,140087
2018-12-07,217847
2018-12-06,220919
2018-12-05,209938
2018-12-04,191203
2018-12-03,118750
2018-12-02,51320
2018-12-01,106193
2018-11-30,171366
2018-11-29,186296
2018-11-28,185277
2018-11-27,165859
2018-11-26,98049
2018-11-25,46242
2018-11-24,66106
2018-11-23,108454
2018-11-22,139776
2018-11-21,154180
2018-11-20,155528
2018-11-19,96072
2018-11-18,48803
2018-11-17,85563
2018-11-16,133300
2018-11-15,148142
2018-11-14,131704
2018-11-13,128618
2018-11-12,87593
2018-11-11,46683
2018-11-10,79339
2018-11-09,121155
2018-11-08,137311
2018-11-07,139256
2018-11-06,132934
2018-11-05,89145
2018-11-04,48552
2018-11-03,77962
2018-11-02,117725
2018-11-01,122515
2018-10-31,127770
2018-10-30,134999
2018-10-29,90122
2018-10-28,47987
2018-10-27,75146
2018-10-26,131283
2018-10-25,124079
2018-10-24,134238
2018-10-23,134433
2018-10-22,70787
2018-10-21,44094
2018-10-20,75280
2018-10-19,129282
2018-10-18,119004
2018-10-17,133524
2018-10-16,128176
2018-10-15,90510
2018-10-14,46394
2018-10-13,75428
2018-10-12,119613
2018-10-11,123998
2018-10-10,127024
2018-10-09,123071
2018-10-06,80269
2018-10-05,127650
2018-10-04,130912
2018-10-03,127835
2018-10-02,131047
2018-10-01,91220
2018-09-30,48444
2018-09-29,77944
2018-09-28,120022
2018-09-27,129293
2018-09-26,130961
2018-09-23,50454
2018-09-22,78922
2018-09-21,131779
2018-09-20,132340
2018-09-19,134969
2018-09-18,131769
2018-09-17,86941
2018-09-16,46390
2018-09-15,79798
2018-09-14,121691
2018-09-13,124285
2018-09-12,135630
2018-09-11,129443
2018-09-10,89552
2018-09-09,46524
2018-09-08,77510
2018-09-07,129509
2018-09-06,151133
2018-09-05,153925
2018-09-04,116246
2018-09-03,89754
2018-09-02,46538
2018-09-01,78162
2018-08-31,123714
2018-08-30,130078
2018-08-29,131297
2018-08-28,126587
2018-08-27,86573
2018-08-26,51393
2018-08-25,75917
2018-08-24,120452
2018-08-23,129896
2018-08-22,135817
2018-08-21,130592
2018-08-20,93530
2018-08-19,51051
2018-08-18,83710
2018-08-17,122983
2018-08-16,128411
2018-08-15,122592
2018-08-14,129793
2018-08-13,90270
2018-08-12,51769
2018-08-11,86219
2018-08-10,131624
2018-08-09,135210
2018-08-08,139457
2018-08-07,130746
2018-08-06,95691
2018-08-05,51724
2018-08-04,86422
2018-08-03,134141
2018-08-02,134125
2018-08-01,138336
2018-07-31,142038
2018-07-30,88765
2018-07-29,46849
2018-07-28,74894
2018-07-27,121794
2018-07-26,126473
2018-07-25,127864
2018-07-24,123243
2018-07-23,95533
2018-07-22,46331
2018-07-21,76626
2018-07-20,120184
2018-07-19,131807
2018-07-18,141307
2018-07-17,136375
2018-07-16,86688
2018-07-15,47273
2018-07-14,77146
2018-07-13,122620
2018-07-12,129692
2018-07-11,133554
2018-07-10,140913
2018-07-09,100175
2018-07-08,52498
2018-07-07,78360
2018-07-06,133386
2018-07-05,113367
2018-07-04,127523
2018-07-03,128301
2018-06-30,80514
2018-06-29,125970
2018-06-28,128699
2018-06-27,128945
2018-06-26,137670
2018-06-25,92927
2018-06-24,47418
2018-06-23,77980
2018-06-22,124662
2018-06-21,138329
2018-06-20,136584
2018-06-19,128007
2018-06-18,85928
2018-06-17,46637
2018-06-16,78327
2018-06-15,124172
2018-06-14,129148
2018-06-13,131262
2018-06-12,123870
2018-06-11,81663
2018-06-10,47742
2018-06-09,72751
2018-06-08,116422
2018-06-07,122431
2018-06-06,124618
2018-06-05,126538
2018-06-04,84194
2018-06-03,48429
2018-06-02,75604
2018-06-01,110043
2018-05-31,118154
2018-05-30,116817
2018-05-29,99020
2018-05-28,79820
2018-05-27,47248
2018-05-26,71196
2018-05-25,117064
2018-05-24,118653
2018-05-23,122982
2018-05-22,116018
2018-05-21,81021
2018-05-20,46002
2018-05-19,75446
2018-05-18,112321
2018-05-17,123800
2018-05-16,120201
2018-05-15,120371
2018-05-14,82791
2018-05-13,48410
2018-05-12,71698
2018-05-11,111433
2018-05-10,111721
2018-05-09,113016
2018-05-08,118942
2018-05-07,81490
2018-05-06,47129
2018-05-05,73948
2018-05-04,109001
2018-05-03,114547
2018-05-02,110846
2018-05-01,99003
2018-04-30,74531
2018-04-29,50761
2018-04-28,77657
2018-04-27,112354
2018-04-26,116970
2018-04-25,118890
2018-04-24,121132
2018-04-23,86217
2018-04-22,49128
2018-04-21,77293
2018-04-20,115332
2018-04-19,120135
2018-04-18,118589
2018-04-17,120461
2018-04-16,89754
2018-04-15,51380
2018-04-14,78532
2018-04-13,119488
2018-04-12,123779
2018-04-11,128023
2018-04-10,130336
2018-04-09,86944
2018-04-08,52806
2018-04-07,79640
2018-04-06,115460
2018-04-05,122638
2018-04-04,124419
2018-04-03,121294
2018-04-02,74977
2018-04-01,50943
2018-03-31,71688
2018-03-30,107307
2018-03-29,113586
2018-03-28,119491
2018-03-27,120103
2018-03-26,84543
2018-03-25,50349
2018-03-24,75856
2018-03-23,115847
2018-03-22,131846
2018-03-21,115038
2018-03-20,106753
2018-03-19,82487
2018-03-18,49024
2018-03-17,77113
2018-03-16,109193
2018-03-15,113874
2018-03-14,118674
2018-03-13,117602
2018-03-12,83653
2018-03-11,50395
2018-03-10,81543
2018-03-09,111654
2018-03-08,116194
2018-03-07,120452
2018-03-06,123033
2018-03-05,81760
2018-03-04,50215
2018-03-03,77993
2018-03-02,110957
2018-03-01,120218
2018-02-28,123894
2018-02-27,118873
2018-02-26,79923
2018-02-25,49980
2018-02-24,79896
2018-02-23,113296
2018-02-22,119037
2018-02-21,120878
2018-02-20,103241
2018-02-19,80352
2018-02-18,53867
2018-02-17,83352
2018-02-16,115892
2018-02-15,126281
2018-02-14,112431
2018-02-13,115422
2018-02-12,74849
2018-02-11,51289
2018-02-10,80282
2018-02-09,116636
2018-02-08,121912
2018-02-07,122567
2018-02-06,125199
2018-02-05,89123
2018-02-04,53076
2018-02-03,86498
2018-02-02,123267
2018-02-01,129546
2018-01-31,128554
2018-01-30,126975
2018-01-29,89218
2018-01-28,53723
2018-01-27,81140
2018-01-26,114304
2018-01-25,127263
2018-01-24,128965
2018-01-23,130883
2018-01-22,90836
2018-01-21,54006
2018-01-20,84285
2018-01-19,122120
2018-01-18,129189
2018-01-17,124740
2018-01-16,111714
2018-01-15,88137
2018-01-14,53083
2018-01-13,80554
2018-01-12,121168
2018-01-11,125760
2018-01-10,121609
2018-01-09,132113
2018-01-08,78480
2018-01-07,49457
2018-01-06,76132
2018-01-05,112358
2018-01-04,107737
2018-01-03,99463
2018-01-02,65642
2018-01-01,47304
2017-12-31,50485
2017-12-30,59827
2017-12-29,79644
2017-12-28,84484
2017-12-27,78639
2017-12-26,63988
2017-12-25,55546
2017-12-24,48147
2017-12-23,71403
2017-12-22,97091
2017-12-21,106552
2017-12-20,109843
2017-12-19,111458
2017-12-18,79503
2017-12-17,50269
2017-12-16,80258
2017-12-15,113631
2017-12-14,117646
2017-12-13,120197
2017-12-12,120189
2017-12-11,81743
2017-12-10,50885
2017-12-09,76648
2017-12-08,116506
2017-12-07,117364
2017-12-06,118492
2017-12-05,123646
2017-12-04,79717
2017-12-03,49773
2017-12-02,76935
2017-12-01,106262
2017-11-30,112719
2017-11-29,112646
2017-11-28,108499
2017-11-27,79413
2017-11-26,49827
2017-11-25,58246
2017-11-24,82837
2017-11-23,94442
2017-11-22,111053
2017-11-21,109636
2017-11-20,81807
2017-11-19,55147
2017-11-18,78765
2017-11-17,104654
2017-11-16,106426
2017-11-15,110593
2017-11-14,110859
2017-11-13,77976
2017-11-12,51682
2017-11-11,72801
2017-11-10,103168
2017-11-09,107508
2017-11-08,107988
2017-11-07,109598
2017-11-06,85557
2017-11-05,51158
2017-11-04,78935
2017-11-03,100381
2017-11-02,103467
2017-11-01,98539
2017-10-31,106201
2017-10-30,81170
2017-10-29,54388
2017-10-28,73764
2017-10-27,105955
2017-10-26,108163
2017-10-25,106747
2017-10-24,110112
2017-10-23,81140
2017-10-22,53943
2017-10-21,74988
2017-10-20,108102
2017-10-19,110705
2017-10-18,113520
2017-10-17,109895
2017-10-16,83469
2017-10-15,53106
2017-10-14,76063
2017-10-13,103990
2017-10-12,110051
2017-10-11,111537
2017-10-10,106332
2017-10-09,78646
2017-10-08,54532
2017-10-07,75844
2017-10-06,107651
2017-10-05,110915
2017-10-04,110875
2017-10-03,112367
2017-10-02,83332
2017-10-01,56806
2017-09-30,77344
2017-09-29,107683
2017-09-28,109918
2017-09-27,112326
2017-09-26,115549
2017-09-25,84193
2017-09-24,55788
2017-09-23,77550
2017-09-22,112996
2017-09-21,117252
2017-09-20,119558
2017-09-19,119209
2017-09-18,88441
2017-09-17,61496
2017-09-16,85298
2017-09-15,118138
2017-09-14,120213
2017-09-13,119047
2017-09-12,123323
2017-09-11,95011
2017-09-08,124221
2017-09-07,120144
2017-09-06,124181
2017-09-05,98769
2017-09-04,82589
2017-09-03,58900
2017-09-02,79381
2017-09-01,111359
2017-08-31,117050
2017-08-30,119300
2017-08-29,119478
2017-08-28,82583
2017-08-27,57103
2017-08-26,77184
2017-08-25,109658
2017-08-24,113957
2017-08-23,112255
2017-08-22,110898
2017-08-21,85218
2017-08-19,77459
2017-08-18,107833
2017-08-17,110768
2017-08-16,108319
2017-08-15,104894
2017-08-14,82863
2017-08-13,58604
2017-08-12,76646
2017-08-11,109714
2017-08-10,112956
2017-08-09,111898
2017-08-08,113793
2017-08-07,86622
2017-08-06,60038
2017-08-05,82503
2017-08-04,109588
2017-08-03,114396
2017-08-02,116281
2017-08-01,113854
2017-07-31,85671
2017-07-30,59624
2017-07-29,79127
2017-07-28,110957
2017-07-27,113850
2017-07-26,117446
2017-07-25,116933
2017-07-24,87378
2017-07-23,60251
2017-07-22,79780
2017-07-21,108697
2017-07-20,116659
2017-07-19,125910
2017-07-18,116713
2017-07-17,84570
2017-07-16,59445
2017-07-15,81564
2017-07-14,123328
2017-07-13,126871
2017-07-12,119595
2017-07-11,115324
2017-07-10,87073
2017-07-09,60115
2017-07-08,83512
2017-07-07,117734
2017-07-06,116649
2017-07-05,94420
2017-07-04,99305
2017-07-03,85789
2017-07-02,59257
2017-07-01,79935
2017-06-30,125192
2017-06-29,121309
2017-06-28,120617
2017-06-27,119457
2017-06-26,85923
2017-06-25,59978
2017-06-24,82381
2017-06-23,114260
2017-06-22,114839
2017-06-21,118328
2017-06-20,117389
2017-06-19,93253
2017-06-18,59757
2017-06-17,78748
2017-06-16,107895
2017-06-15,115298
2017-06-14,118119
2017-06-13,117375
2017-06-12,85848
2017-06-11,59741
2017-06-10,82438
2017-06-09,131689
2017-06-08,115075
2017-06-07,133236
2017-06-06,128851
2017-06-05,89265
2017-06-04,61665
2017-06-03,94422
2017-06-02,126947
2017-06-01,128318
2017-05-31,123025
2017-05-30,88093
2017-05-29,79285
2017-05-28,55004
2017-05-27,76551
2017-05-26,105580
2017-05-25,120394
2017-05-24,114653
2017-05-23,114749
2017-05-22,88612
2017-05-21,60367
2017-05-20,80472
2017-05-19,111207
2017-05-18,115358
2017-05-17,119262
2017-05-16,123600
2017-05-15,93800
2017-05-14,63202
2017-05-13,86279
2017-05-12,113012
2017-05-11,121398
2017-05-10,123558
2017-05-09,120981
2017-05-08,89931
2017-05-07,65059
2017-05-06,91232
2017-05-05,119122
2017-05-04,120237
2017-05-03,120707
2017-05-02,117794
2017-05-01,78653
2017-04-30,65896
2017-04-29,88149
2017-04-28,123972
2017-04-27,124297
2017-04-26,126539
2017-04-25,124277
2017-04-24,92071
2017-04-23,64100
2017-04-22,87265
2017-04-21,111010
2017-04-20,114473
2017-04-19,116035
2017-04-18,109527
2017-04-17,77791
2017-04-16,60376
2017-04-15,76511
2017-04-14,100933
2017-04-13,114580
2017-04-12,120795
2017-04-11,117894
2017-04-10,90500
2017-04-09,60547
2017-04-08,84898
2017-04-07,115439
2017-04-06,119096
2017-04-05,121910
2017-04-04,122925
2017-04-03,88495
2017-04-02,57651
2017-04-01,80459
2017-03-31,114411
2017-03-30,115996
2017-03-29,114107
2017-03-28,114108
2017-03-27,84245
2017-03-26,55120
2017-03-25,79570
2017-03-24,110059
2017-03-23,115026
2017-03-22,113509
2017-03-21,115386
2017-03-20,78518
2017-03-19,56649
2017-03-18,79750
2017-03-17,111404
2017-03-16,119124
2017-03-15,113971
2017-03-14,114050
2017-03-13,78787
2017-03-12,59199
2017-03-11,82472
2017-03-10,109379
2017-03-09,112850
2017-03-08,116395
2017-03-07,118706
2017-03-06,88660
2017-03-05,60675
2017-03-04,87913
2017-03-03,121536
2017-03-02,123519
2017-03-01,104686
2017-02-28,112347
2017-02-27,82369
2017-02-26,56492
2017-02-25,83969
2017-02-24,113334
2017-02-23,117211
2017-02-22,113199
2017-02-21,96403
2017-02-20,74634
2017-02-19,52711
2017-02-18,75924
2017-02-17,97588
2017-02-16,104855
2017-02-15,103441
2017-02-14,105728
2017-02-13,75455
2017-02-12,51433
2017-02-11,72840
2017-02-10,99185
2017-02-09,105410
2017-02-08,104384
2017-02-07,104842
2017-02-06,73384
2017-02-05,51056
2017-02-04,75592
2017-02-03,101876
2017-02-02,99384
2017-02-01,92886
2017-01-31,93681
2017-01-30,67054
2017-01-29,47727
2017-01-28,74547
2017-01-27,92025
2017-01-26,97572
2017-01-25,101311
2017-01-24,97986
2017-01-23,75315
2017-01-22,54051
2017-01-21,66719
2017-01-20,90618
2017-01-19,92187
2017-01-18,92429
2017-01-17,85677
2017-01-16,67851
2017-01-15,46009
2017-01-14,66553
2017-01-13,93078
2017-01-12,92092
2017-01-11,92881
2017-01-10,92235
2017-01-09,66145
2017-01-08,49708
2017-01-07,67459
2017-01-06,85588
2017-01-05,89494
2017-01-04,86716
2017-01-03,66050
2017-01-02,50431
2017-01-01,41278
2016-12-31,53581
2016-12-30,64618
2016-12-29,70931
2016-12-28,71477
2016-12-27,59569
2016-12-26,51085
2016-12-25,42450
2016-12-24,53678
2016-12-23,75616
2016-12-22,86939
2016-12-21,91329
2016-12-20,90851
2016-12-19,63274
2016-12-18,45034
2016-12-17,63754
2016-12-16,86094
2016-12-15,88139
2016-12-14,90103
2016-12-13,92871
2016-12-12,66014
2016-12-11,46866
2016-12-10,70748
2016-12-09,93031
2016-12-08,98378
2016-12-07,87039
2016-12-06,87289
2016-12-05,60409
2016-12-04,43642
2016-12-03,63172
2016-12-02,84570
2016-12-01,88219
2016-11-30,90214
2016-11-29,90321
2016-11-28,61520
2016-11-27,43144
2016-11-26,49396
2016-11-25,64921
2016-11-24,79809
2016-11-23,83733
2016-11-22,85984
2016-11-21,64428
2016-11-20,43842
2016-11-19,61222
2016-11-18,82119
2016-11-17,86605
2016-11-16,90083
2016-11-15,88778
2016-11-14,64582
2016-11-13,44617
2016-11-12,63196
2016-11-11,81903
2016-11-10,85127
2016-11-09,91310
2016-11-08,90671
2016-11-07,65553
2016-11-06,42821
2016-11-05,65424
2016-11-04,83836
2016-11-03,82787
2016-11-02,83004
2016-11-01,83141
2016-10-31,61345
2016-10-30,44469
2016-10-29,60676
2016-10-28,81433
2016-10-27,84731
2016-10-26,86628
2016-10-25,86083
2016-10-24,65318
2016-10-23,45465
2016-10-22,59451
2016-10-21,91720
2016-10-20,88155
2016-10-19,87747
2016-10-18,87530
2016-10-17,65438
2016-10-16,44614
2016-10-15,62010
2016-10-14,80781
2016-10-13,82023
2016-10-12,78187
2016-10-11,67565
2016-10-10,57686
2016-10-09,45417
2016-10-08,59360
2016-10-07,79039
2016-10-06,80432
2016-10-05,80960
2016-10-04,80563
2016-10-03,60839
2016-10-02,45887
2016-10-01,61174
2016-09-30,79543
2016-09-29,83210
2016-09-28,83626
2016-09-27,83296
2016-09-26,60225
2016-09-25,43321
2016-09-24,59405
2016-09-23,76724
2016-09-22,80625
2016-09-21,86091
2016-09-20,86399
2016-09-19,61040
2016-09-18,44685
2016-09-17,61181
2016-09-16,81378
2016-09-15,81743
2016-09-14,82470
2016-09-13,81392
2016-09-12,58691
2016-09-11,42399
2016-09-10,59964
2016-09-09,78993
2016-09-08,84691
2016-09-07,88111
2016-09-06,69119
2016-09-05,60343
2016-09-04,44350
2016-09-03,58979
2016-09-02,80147
2016-09-01,86246
2016-08-31,87446
2016-08-30,86740
2016-08-29,60884
2016-08-28,44363
2016-08-27,64112
2016-08-26,82550
2016-08-25,86242
2016-08-24,87961
2016-08-23,94276
2016-08-22,70099
2016-08-21,45320
2016-08-20,66185
2016-08-19,86052
2016-08-18,91704
2016-08-17,94797
2016-08-16,93801
2016-08-15,65774
2016-08-14,46675
2016-08-13,69821
2016-08-12,102558
2016-08-11,79093
2016-08-10,85159
2016-08-09,84265
2016-08-08,59434
2016-08-07,41652
2016-08-06,55819
2016-08-05,76107
2016-08-04,80170
2016-08-03,82468
2016-08-02,80435
2016-08-01,60463
2016-07-31,41532
2016-07-30,57475
2016-07-29,79410
2016-07-28,80252
2016-07-27,79395
2016-07-26,79580
2016-07-25,58502
2016-07-24,41822
2016-07-23,57219
2016-07-22,78576
2016-07-21,80731
2016-07-20,83803
2016-07-19,85574
2016-07-18,59619
2016-07-17,42411
2016-07-16,58963
2016-07-15,79730
2016-07-14,85423
2016-07-13,85709
2016-07-12,83378
2016-07-11,58811
2016-07-10,41612
2016-07-09,59269
2016-07-08,77709
2016-07-07,84621
2016-07-06,83683
2016-07-05,68270
2016-07-04,58670
2016-07-03,42874
2016-07-02,59700
2016-07-01,80644
2016-06-30,81650
2016-06-29,80224
2016-06-28,79268
2016-06-27,57392
2016-06-26,44364
2016-06-25,59681
2016-06-24,82242
2016-06-23,90460
2016-06-22,87485
2016-06-21,80173
2016-06-20,56002
2016-06-19,39832
2016-06-18,58136
2016-06-17,73760
2016-06-16,78130
2016-06-15,77117
2016-06-14,81064
2016-06-13,56714
2016-06-12,42058
2016-06-11,59634
2016-06-10,75896
2016-06-09,82551
2016-06-08,79701
2016-06-07,77812
2016-06-06,56878
2016-06-05,40917
2016-06-04,57616
2016-06-03,74948
2016-06-02,78025
2016-06-01,77256
2016-05-31,61962
2016-05-30,52528
2016-05-29,38324
2016-05-28,53818
2016-05-27,70410
2016-05-26,72566
2016-05-25,78070
2016-05-24,77394
2016-05-23,57595
2016-05-22,40355
2016-05-21,55075
2016-05-20,73401
2016-05-19,77730
2016-05-18,76152
2016-05-17,76487
2016-05-16,53516
2016-05-15,38579
2016-05-14,53585
2016-05-13,76235
2016-05-12,74273
2016-05-11,75978
2016-05-10,76479
2016-05-09,52398
2016-05-08,35660
2016-05-07,52282
2016-05-06,68295
2016-05-05,69869
2016-05-04,72357
2016-05-03,70770
2016-05-02,47037
2016-05-01,35871
2016-04-30,51418
2016-04-29,69975
2016-04-28,76424
2016-04-27,76195
2016-04-26,76189
2016-04-25,53995
2016-04-24,38013
2016-04-23,53559
2016-04-22,73068
2016-04-21,76274
2016-04-20,80225
2016-04-19,81665
2016-04-18,55266
2016-04-17,38419
2016-04-16,54384
2016-04-15,74566
2016-04-14,71599
2016-04-13,74045
2016-04-12,71766
2016-04-11,52147
2016-04-10,36923
2016-04-09,51342
2016-04-08,73714
2016-04-07,77621
2016-04-06,76377
2016-04-05,75837
2016-04-04,54872
2016-04-03,37402
2016-04-02,52318
2016-04-01,66696
2016-03-31,71058
2016-03-30,74695
2016-03-29,65680
2016-03-28,46644
2016-03-27,37002
2016-03-26,47876
2016-03-25,66084
2016-03-24,72134
2016-03-23,75597
2016-03-22,77087
2016-03-21,55764
2016-03-20,41656
2016-03-19,57333
2016-03-18,76130
2016-03-17,75873
2016-03-16,78278
2016-03-15,76994
2016-03-14,53816
2016-03-13,36513
2016-03-12,55218
2016-03-11,75206
2016-03-10,80842
2016-03-09,77517
2016-03-08,79768
2016-03-07,51931
2016-03-06,34819
2016-03-05,54385
2016-03-04,77664
2016-03-03,78242
2016-03-02,83517
2016-03-01,86181
2016-02-29,48236
2016-02-28,34988
2016-02-27,49485
2016-02-26,65139
2016-02-25,67445
2016-02-24,67071
2016-02-23,65412
2016-02-22,48020
2016-02-21,34250
2016-02-20,50558
2016-02-19,66361
2016-02-18,69265
2016-02-17,65730
2016-02-16,59432
2016-02-15,47901
2016-02-14,33017
2016-02-13,51146
2016-02-12,67559
2016-02-11,71705
2016-02-10,69088
2016-02-09,69353
2016-02-08,47370
2016-02-07,35667
2016-02-06,53070
2016-02-05,71101
2016-02-04,74883
2016-02-03,75426
2016-02-02,77864
2016-02-01,54851
2016-01-31,36755
2016-01-30,54522
2016-01-29,75626
2016-01-28,79512
2016-01-27,90728
2016-01-26,88608
2016-01-25,46228
2016-01-24,33135
2016-01-23,47083
2016-01-22,62053
2016-01-21,64861
2016-01-20,62145
2016-01-19,59980
2016-01-18,45500
2016-01-17,32251
2016-01-16,45666
2016-01-15,60046
2016-01-14,63687
2016-01-13,64805
2016-01-12,64306
2016-01-11,46294
2016-01-10,33902
2016-01-09,48463
2016-01-08,61531
2016-01-07,61011
2016-01-06,61232
2016-01-05,60819
2016-01-04,40951
2016-01-03,28474
2016-01-02,27870
2016-01-01,30044
2015-12-31,40586
2015-12-30,47700
2015-12-29,47285
2015-12-28,35053
2015-12-27,28693
2015-12-26,28636
2015-12-25,31753
2015-12-24,43131
2015-12-23,51851
2015-12-22,58172
2015-12-21,41263
2015-12-20,29206
2015-12-19,43677
2015-12-18,53518
2015-12-17,59410
2015-12-16,58584
2015-12-15,59842
2015-12-14,43685
2015-12-13,32191
2015-12-12,45284
2015-12-11,56872
2015-12-10,59774
2015-12-09,60412
2015-12-08,62334
2015-12-07,44350
2015-12-06,32707
2015-12-05,45836
2015-12-04,58719
2015-12-03,61862
2015-12-02,60408
2015-12-01,63576
2015-11-30,42972
2015-11-29,29738
2015-11-28,32882
2015-11-27,43451
2015-11-26,54893
2015-11-25,62356
2015-11-24,60449
2015-11-23,40847
2015-11-22,30575
2015-11-21,45180
2015-11-20,58014
2015-11-19,61993
2015-11-18,62028
2015-11-17,59427
2015-11-16,40837
2015-11-15,31892
2015-11-14,47031
2015-11-13,58026
2015-11-12,60387
2015-11-11,55961
2015-11-10,56394
2015-11-09,41863
2015-11-08,29668
2015-11-07,42602
2015-11-06,55825
2015-11-05,58083
2015-11-04,56102
2015-11-03,56309
2015-11-02,38651
2015-11-01,29112
2015-10-31,41582
2015-10-30,55322
2015-10-29,57498
2015-10-28,59893
2015-10-27,57134
2015-10-26,39630
2015-10-25,27938
2015-10-24,40889
2015-10-23,52767
2015-10-22,57820
2015-10-21,58722
2015-10-20,56868
2015-10-19,40533
2015-10-18,27055
2015-10-17,40972
2015-10-16,56539
2015-10-15,56643
2015-10-14,56047
2015-10-13,52897
2015-10-12,37289
2015-10-11,27009
2015-10-10,38710
2015-10-09,51381
2015-10-08,54529
2015-10-07,54285
2015-10-06,55509
2015-10-05,39669
2015-10-04,27015
2015-10-03,36959
2015-10-02,50815
2015-10-01,53493
2015-09-30,53925
2015-09-29,55409
2015-09-28,37432
2015-09-27,25076
2015-09-26,36522
2015-09-25,50147
2015-09-24,53096
2015-09-23,54875
2015-09-22,54043
2015-09-21,38639
2015-09-20,25836
2015-09-19,40382
2015-09-18,54385
2015-09-17,54759
2015-09-16,58690
2015-09-15,57156
2015-09-14,41689
2015-09-13,26801
2015-09-12,40092
2015-09-11,54021
2015-09-10,54306
2015-09-09,53931
2015-09-08,45951
2015-09-07,39764
2015-09-06,26632
2015-09-05,38737
2015-09-04,54157
2015-09-03,57095
2015-09-02,57383
2015-09-01,58669
2015-08-31,41275
2015-08-30,29285
2015-08-29,40633
2015-08-28,56720
2015-08-27,58857
2015-08-26,59531
2015-08-25,58377
2015-08-24,37112
2015-08-23,25580
2015-08-22,36365
2015-08-21,52497
2015-08-20,53203
2015-08-19,53059
2015-08-18,51615
2015-08-17,36306
2015-08-16,24551
2015-08-15,35871
2015-08-14,47963
2015-08-13,54227
2015-08-12,53161
2015-08-11,53954
2015-08-10,36502
2015-08-09,24187
2015-08-08,36060
2015-08-07,47199
2015-08-06,51404
2015-08-05,51494
2015-08-04,50491
2015-08-03,37294
2015-08-02,23832
2015-08-01,34732
2015-07-31,48023
2015-07-30,50882
2015-07-29,49996
2015-07-28,52254
2015-07-27,35814
2015-07-26,23473
2015-07-25,35085
2015-07-24,48266
2015-07-23,52407
2015-07-22,51868
2015-07-21,51119
2015-07-20,36242
2015-07-19,24598
2015-07-18,34847
2015-07-17,47231
2015-07-16,51523
2015-07-15,53104
2015-07-14,51691
2015-07-13,36515
2015-07-12,24717
2015-07-11,36448
2015-07-10,47804
2015-07-09,52652
2015-07-08,52911
2015-07-07,52459
2015-07-06,37075
2015-07-05,23400
2015-07-04,28078
2015-07-03,48281
2015-07-02,59181
2015-07-01,56827
2015-06-30,56434
2015-06-29,40041
2015-06-28,25236
2015-06-27,39206
2015-06-26,52737
2015-06-25,51268
2015-06-24,52997
2015-06-23,56756
2015-06-22,37519
2015-06-21,23035
2015-06-20,35608
2015-06-19,54861
2015-06-18,59950
2015-06-17,63721
2015-06-16,46175
2015-06-15,32081
2015-06-14,20318
2015-06-13,31619
2015-06-12,45064
2015-06-11,45905
2015-06-10,44906
2015-06-09,43570
2015-06-08,32558
2015-06-07,19598
2015-06-06,31157
2015-06-05,44737
2015-06-04,44850
2015-06-03,44397
2015-06-02,45709
2015-06-01,31868
2015-05-31,20180
2015-05-30,30491
2015-05-29,45574
2015-05-28,46182
2015-05-27,47385
2015-05-26,37690
2015-05-25,26713
2015-05-24,18850
2015-05-23,32100
2015-05-22,47869
2015-05-21,49162
2015-05-20,49925
2015-05-19,47310
2015-05-18,32235
2015-05-17,19415
2015-05-16,30929
2015-05-15,45806
2015-05-14,45863
2015-05-13,50303
2015-05-12,50204
2015-05-11,33824
2015-05-10,21440
2015-05-09,34303
2015-05-08,46155
2015-05-07,47362
2015-05-06,44074
2015-05-05,46501
2015-05-04,30668
2015-05-03,19977
2015-05-02,31395
2015-05-01,41655
2015-04-30,46900
2015-04-29,48891
2015-04-28,50028
2015-04-27,34039
2015-04-26,21448
2015-04-25,32922
2015-04-24,45508
2015-04-23,46320
2015-04-22,47554
2015-04-21,45203
2015-04-20,35429
2015-04-19,21459
2015-04-18,33489
2015-04-17,47827
2015-04-16,48696
2015-04-15,50083
2015-04-14,50727
2015-04-13,31821
2015-04-12,20644
2015-04-11,31329
2015-04-10,45288
2015-04-09,45130
2015-04-08,46046
2015-04-07,45178
2015-04-06,26847
2015-04-05,19566
2015-04-04,28479
2015-04-03,39940
2015-04-02,45209
2015-04-01,48630
2015-03-31,48480
2015-03-30,33997
2015-03-29,22571
2015-03-28,34009
2015-03-27,46123
2015-03-26,48249
2015-03-25,51337
2015-03-24,54734
2015-03-23,36372
2015-03-22,24831
2015-03-21,40435
2015-03-20,51424
2015-03-19,48244
2015-03-18,47216
2015-03-17,47562
2015-03-16,33732
2015-03-15,23717
2015-03-14,34222
2015-03-13,46201
2015-03-12,46532
2015-03-11,45097
2015-03-10,46006
2015-03-09,30855
2015-03-08,21142
2015-03-07,32453
2015-03-06,42289
2015-03-05,44423
2015-03-04,45112
2015-03-03,47065
2015-03-02,30975
2015-03-01,20858
2015-02-28,32849
2015-02-27,43002
2015-02-26,44069
2015-02-25,43604
2015-02-24,46389
2015-02-23,33744
2015-02-22,23158
2015-02-21,40454
2015-02-20,57491
2015-02-19,50515
2015-02-18,49650
2015-02-17,38891
2015-02-16,29970
2015-02-15,21252
2015-02-14,31186
2015-02-13,44643
2015-02-12,48843
2015-02-11,46843
2015-02-10,47979
2015-02-09,33160
2015-02-08,23090
2015-02-07,34346
2015-02-06,43452
2015-02-05,45446
2015-02-04,44658
2015-02-03,46878
2015-02-02,30349
2015-02-01,21212
2015-01-31,31623
2015-01-30,44056
2015-01-29,45786
2015-01-28,43470
2015-01-27,45124
2015-01-26,29943
2015-01-25,20725
2015-01-24,31481
2015-01-23,43384
2015-01-22,45160
2015-01-21,48077
2015-01-20,43313
2015-01-19,32036
2015-01-18,22145
2015-01-17,33351
2015-01-16,43554
2015-01-15,44942
2015-01-14,45857
2015-01-13,46695
2015-01-12,33736
2015-01-11,24066
2015-01-10,35048
2015-01-09,49774
2015-01-08,47164
2015-01-07,47803
2015-01-06,45840
2015-01-05,33721
2015-01-04,23664
2015-01-03,27916
2015-01-02,24540
2015-01-01,23151
2014-12-31,32721
2014-12-30,36430
2014-12-29,29081
2014-12-20,34451
2014-12-19,42684
2014-12-18,43766
2014-12-17,44237
2014-12-16,46588
2014-12-15,32454
2014-12-14,23715
2014-12-13,32956
2014-12-12,44922
2014-12-11,45301
2014-12-10,48290
2014-12-09,46671
2014-12-08,32216
2014-12-07,21620
2014-12-06,34779
2014-12-05,46949
2014-12-04,47884
2014-12-03,50736
2014-12-02,34425
2014-11-18,55438
2014-11-17,33152
2014-11-16,22101
2014-11-15,31818
2014-11-14,48421
2014-11-13,46939
2014-11-12,46719
2014-11-11,47809
2014-11-10,33067
2014-11-09,22167
2014-11-08,34326
2014-11-07,47132
2014-11-06,50148
2014-11-05,50698
2014-11-04,49777
2014-11-03,33757
2014-11-02,20830
2014-11-01,33095
2014-10-31,50722
2014-10-30,41608
2014-10-29,43162
2014-10-28,46355
2014-10-27,30770
2014-10-26,21022
2014-10-25,29013
2014-10-24,39927
2014-10-23,41317
2014-10-22,33618
2014-10-21,41613
2014-10-20,30596
2014-10-19,20644
2014-10-18,30578
2014-10-17,36361
2014-10-16,39220
2014-10-15,38909
2014-10-14,38953
2014-10-13,26597
2014-10-12,18308
2014-10-11,31209
2014-10-10,45430
2014-10-09,46467
2014-10-08,43562
2014-10-07,40125
2014-10-06,27101
2014-10-05,17241
2014-10-04,26777
2014-10-03,37078
2014-10-02,39085
2014-10-01,40016
2014-09-30,42537
2014-09-29,28185
2014-09-28,18606
2014-09-27,28170
2014-09-26,29753
2014-09-25,8269
2014-09-24,42877
2014-09-23,43112
2014-09-22,30500
2014-09-21,19490
2014-09-20,30706
2014-09-19,38492
2014-09-18,40571
2014-09-17,43627
2014-09-16,42317
2014-09-15,29512
2014-09-14,18725
2014-09-13,30449
2014-09-12,41854
2014-09-11,41185
2014-09-10,39954
2014-09-09,42289
2014-09-08,28177
2014-09-07,19012
2014-09-06,29220
2014-09-05,39779
2014-09-04,41633
2014-09-03,40012
2014-09-02,31633
2014-09-01,28475
2014-08-31,19485
2014-08-30,27856
2014-08-29,36601
2014-08-28,43174
2014-08-27,37864
2014-08-26,42350
2014-08-25,29289
2014-08-24,20163
2014-08-23,29637
2014-08-22,43158
2014-08-21,43513
2014-08-20,45783
2014-08-19,48935
2014-08-18,28620
2014-08-17,17899
2014-08-16,27250
2014-08-15,37680
2014-08-14,39274
2014-08-13,40407
2014-08-12,38740
2014-08-11,25587
2014-08-10,15968
2014-08-09,25743
2014-08-08,35333
2014-08-07,38135
2014-08-06,37803
2014-08-05,38808
2014-08-04,27393
2014-08-03,17670
2014-08-02,25837
2014-08-01,36360
2014-07-31,37975
2014-07-30,40599
2014-07-29,41177
2014-07-28,27834
2014-07-27,17590
2014-07-26,27428
2014-07-25,36845
2014-07-24,39454
2014-07-23,40863
2014-07-22,40370
2014-07-21,26621
2014-07-20,16981
2014-07-19,25020
2014-07-18,37170
2014-07-17,40792
2014-07-16,37712
2014-07-15,39539
2014-07-14,20801
2014-07-13,23473
2014-07-12,26790
2014-07-11,38432
2014-07-10,42261
2014-07-09,42215
2014-07-08,43993
2014-07-05,20702
2014-07-04,38744
2014-07-02,37781
2014-07-01,41939
2014-06-30,27842
2014-06-29,17254
2014-06-28,27335
2014-06-27,42065
2014-06-26,35827
2014-06-25,39591
2014-06-24,38745
2014-06-23,27977
2014-06-22,16917
2014-06-21,23826
2014-06-20,35485
2014-06-19,37839
2014-06-18,38731
2014-06-17,38022
2014-06-16,27843
2014-06-15,18283
2014-06-14,26028
2014-06-11,40070
2014-06-10,41259
2014-06-09,27592
2014-06-08,17553
2014-06-07,26673
2014-06-06,37928
2014-06-05,39073
2014-06-04,38976
2014-06-03,38849
2014-05-31,26511
2014-05-28,42467
2014-05-27,34198
2014-05-26,26582
2014-05-25,18215
2014-05-24,25786
2014-05-21,42110
2014-05-20,42928
2014-05-19,32052
2014-05-18,18587
2014-05-17,27526
2014-05-16,40613
2014-05-15,43674
2014-05-14,45852
2014-05-13,47530
2014-05-12,33930
2014-05-11,19403
2014-05-10,32188
2014-05-09,46414
2014-05-08,50773
2014-05-07,56591
2014-05-06,36296
2014-05-05,25722
2014-05-04,16810
2014-05-03,23920
2014-05-02,33660
2014-05-01,33618
2014-04-30,35692
2014-04-29,38003
2014-04-28,27294
2014-04-27,17084
2014-04-26,24211
2014-04-25,33946
2014-04-24,36706
2014-04-23,37553
2014-04-22,37332
2014-04-21,21737
2014-04-20,17007
2014-04-19,23076
2014-04-18,34227
2014-04-17,38527
2014-04-16,37622
2014-04-15,39123
2014-04-14,28449
2014-04-13,19248
2014-04-12,28342
2014-04-11,39957
2014-04-10,39937
2014-04-09,43122
2014-04-08,39714
2014-04-07,29481
2014-04-06,19466
2014-04-05,28142
2014-04-04,38859
2014-04-03,38060
2014-04-02,37109
2014-04-01,38497
2014-03-31,30015
2014-03-30,18511
2014-03-29,26734
2014-03-28,37815
2014-03-27,38831
2014-03-26,40336
2014-03-25,40316
2014-03-24,29681
2014-03-23,18581
2014-03-22,25257
2014-03-21,36938
2014-03-20,39461
2014-03-19,40356
2014-03-18,41367
2014-03-17,30075
2014-03-16,18791
2014-03-15,28864
2014-03-14,37539
2014-03-13,40417
2014-03-12,40365
2014-03-11,39943
2014-03-10,28078
2014-03-09,18254
2014-03-08,27814
2014-03-07,39620
2014-03-06,40239
2014-03-05,40553
2014-03-04,41349
2014-03-03,31266
2014-03-02,19416
2014-03-01,27741
2014-02-28,39351
2014-02-27,42983
2014-02-26,46753
2014-02-25,48525
2014-02-24,31200
2014-02-23,18327
2014-02-22,28534
2014-02-21,41768
2014-02-20,48665
2014-02-19,55225
2014-02-18,32605
2014-02-17,25171
2014-02-16,16495
2014-02-15,24100
2014-02-14,34462
2014-02-13,36743
2014-02-12,37177
2014-02-11,36928
2014-02-10,25660
2014-02-09,16951
2014-02-08,24633
2014-02-07,35407
2014-02-06,35912
2014-02-05,35962
2014-02-04,34285
2014-02-03,23656
2014-02-02,16990
2014-02-01,26019
2014-01-31,34536
2014-01-30,36415
2014-01-29,36147
2014-01-28,36673
2014-01-27,25367
2014-01-26,16525
2014-01-25,26396
2014-01-24,35901
2014-01-23,36435
2014-01-22,35781
2014-01-21,33580
2014-01-20,25545
2014-01-19,16561
2014-01-18,25790
2014-01-17,33877
2014-01-16,35774
2014-01-15,37873
2014-01-14,37746
2014-01-13,25281
2014-01-12,16590
2014-01-11,26748
2014-01-10,35162
2014-01-09,36077
2014-01-08,35998
2014-01-07,36376
2014-01-06,25085
2014-01-05,16724
2014-01-04,24125
2014-01-03,30023
2014-01-02,21002
2014-01-01,15715
2013-12-31,23566
2013-12-30,19296
2013-12-29,15313
2013-12-28,19420
2013-12-27,22801
2013-12-26,19233
2013-12-25,17578
2013-12-24,25311
2013-12-23,20622
2013-12-22,15382
2013-12-21,23624
2013-12-20,32603
2013-12-19,35754
2013-12-18,35615
2013-12-17,37392
2013-12-16,25836
2013-12-15,15956
2013-12-14,23801
2013-12-13,36933
2013-12-12,40152
2013-12-11,42447
2013-12-10,44498
2013-12-09,32450
2013-12-08,21348
2013-12-07,30283
2013-12-06,43717
2013-12-05,50321
2013-12-04,55926
2013-12-03,37015
2013-12-02,27625
2013-12-01,18246
2013-11-30,20379
2013-11-29,26799
2013-11-28,33515
2013-11-27,39432
2013-11-26,43209
2013-11-25,35223
2013-11-24,23918
2013-11-23,34194
2013-11-22,38312
2013-11-21,41047
2013-11-20,40139
2013-11-19,38341
2013-11-18,29099
2013-11-17,18171
2013-11-16,26232
2013-11-15,37558
2013-11-14,39024
2013-11-13,38420
2013-11-12,38039
2013-11-11,29585
2013-11-10,20643
2013-11-09,29240
2013-11-08,36051
2013-11-07,39102
2013-11-06,41044
2013-11-05,42581
2013-11-04,31880
2013-11-03,23539
2013-11-02,30976
2013-11-01,36247
2013-10-31,39976
2013-10-30,40089
2013-10-29,38404
2013-10-28,28521
2013-10-27,18099
2013-10-26,25713
2013-10-25,36686
2013-10-24,37402
2013-10-23,37483
2013-10-22,38040
2013-10-21,29605
2013-10-20,18872
2013-10-19,27056
2013-10-18,38612
2013-10-17,38071
2013-10-16,38152
2013-10-15,36517
2013-10-14,25814
2013-10-13,18516
2013-10-12,25567
2013-10-11,36338
2013-10-10,38858
2013-10-09,38005
2013-10-08,38009
2013-10-07,26666
2013-10-06,17933
2013-10-05,24355
2013-10-04,33338
2013-10-03,34607
2013-10-02,36145
2013-10-01,36390
2013-09-30,26794
2013-09-29,17439
2013-09-28,23393
2013-09-27,34994
2013-09-26,35739
2013-09-25,36367
2013-09-24,36205
2013-09-23,26435
2013-09-22,17617
2013-09-21,23449
2013-09-20,33184
2013-09-19,35223
2013-09-18,35996
2013-09-17,37046
2013-09-16,26716
2013-09-15,17397
2013-09-14,24974
2013-09-13,35506
2013-09-12,36521
2013-09-11,35512
2013-09-10,37427
2013-09-09,26393
2013-09-08,16254
2013-09-07,22232
2013-09-06,33687
2013-09-05,33890
2013-09-04,34153
2013-09-03,26280
2013-09-02,23184
2013-09-01,14270
2013-08-31,20471
2013-08-30,32168
2013-08-29,31883
2013-08-28,33609
2013-08-27,33215
2013-08-26,22400
2013-08-25,14007
2013-08-24,22080
2013-08-23,31938
2013-08-22,34042
2013-08-21,35475
2013-08-20,33596
2013-08-19,24581
2013-08-18,13355
2013-08-17,20451
2013-08-16,31930
2013-08-15,30756
2013-08-14,33446
2013-08-13,33176
2013-08-12,24672
2013-08-11,14972
2013-08-10,20848
2013-08-09,32460
2013-08-08,35876
2013-08-07,36827
2013-08-06,32117
2013-08-05,22392
2013-08-04,13668
2013-08-03,20524
2013-08-02,30762
2013-08-01,34226
2013-07-31,33885
2013-07-30,32755
2013-07-29,23518
2013-07-28,7313
2013-07-17,31554
2013-07-16,32596
2013-07-15,22007
2013-07-14,12462
2013-07-13,19472
2013-07-12,29695
2013-07-11,31299
2013-07-10,31888
2013-07-09,33968
2013-07-08,24922
2013-07-07,14399
2013-07-06,17554
2013-07-05,21890
2013-07-04,29682
2013-07-03,33112
2013-07-02,33987
2013-07-01,23686
2013-06-30,12461
2013-06-29,22687
2013-06-28,9739
