day,supported_downloads,total_downloads,supported_percentage
2018-12-09 00:00:00,87,87,100.0
2018-12-10 00:00:00,2300,2300,100.0
2018-12-11 00:00:00,867,867,100.0
2018-12-12 00:00:00,225,225,100.0
2018-12-13 00:00:00,196,196,100.0
2018-12-14 00:00:00,37,37,100.0
2018-12-15 00:00:00,137,137,100.0
2018-12-16 00:00:00,33,33,100.0
2018-12-17 00:00:00,93,93,100.0
2018-12-18 00:00:00,63,63,100.0
2018-12-19 00:00:00,81,81,100.0
2018-12-20 00:00:00,87,87,100.0
2018-12-21 00:00:00,672,672,100.0
2018-12-22 00:00:00,256,256,100.0
2018-12-23 00:00:00,49,49,100.0
2018-12-24 00:00:00,657,657,100.0
2018-12-25 00:00:00,188,188,100.0
2018-12-26 00:00:00,33,33,100.0
2018-12-27 00:00:00,38,38,100.0
2018-12-28 00:00:00,359,359,100.0
2018-12-29 00:00:00,163,163,100.0
2018-12-30 00:00:00,337,337,100.0
2018-12-31 00:00:00,130,130,100.0
2019-01-01 00:00:00,108,108,100.0
2019-01-02 00:00:00,187,187,100.0
2019-01-03 00:00:00,179,179,100.0
2019-01-04 00:00:00,225,225,100.0
2019-01-05 00:00:00,378,378,100.0
2019-01-06 00:00:00,252,252,100.0
2019-01-07 00:00:00,204,204,100.0
2019-01-08 00:00:00,145,145,100.0
2019-01-09 00:00:00,230,230,100.0
2019-01-10 00:00:00,162,162,100.0
2019-01-11 00:00:00,63,63,100.0
2019-01-12 00:00:00,106,106,100.0
2019-01-13 00:00:00,116,116,100.0
2019-01-14 00:00:00,57,57,100.0
2019-01-15 00:00:00,83,83,100.0
2019-01-16 00:00:00,131,131,100.0
2019-01-17 00:00:00,8,8,100.0
2019-01-18 00:00:00,158,158,100.0
2019-01-19 00:00:00,214,214,100.0
2019-01-20 00:00:00,77,77,100.0
2019-01-21 00:00:00,93,93,100.0
2019-01-22 00:00:00,123,123,100.0
2019-01-23 00:00:00,412,412,100.0
2019-01-24 00:00:00,199,199,100.0
2019-01-25 00:00:00,218,218,100.0
2019-01-26 00:00:00,234,234,100.0
2019-01-27 00:00:00,79,79,100.0
2019-01-28 00:00:00,146,146,100.0
2019-01-29 00:00:00,146,146,100.0
2019-01-30 00:00:00,270,270,100.0
2019-01-31 00:00:00,209,209,100.0
2019-02-01 00:00:00,462,462,100.0
2019-02-02 00:00:00,195,195,100.0
2019-02-03 00:00:00,90,90,100.0
2019-02-04 00:00:00,155,155,100.0
2019-02-05 00:00:00,251,251,100.0
2019-02-06 00:00:00,91,91,100.0
2019-02-07 00:00:00,268,268,100.0
2019-02-08 00:00:00,302,602,50.17
2019-02-09 00:00:00,141,327,43.12
2019-02-10 00:00:00,65,117,55.56
2019-02-11 00:00:00,99,262,37.79
2019-02-12 00:00:00,430,861,49.94
2019-02-13 00:00:00,246,465,52.9
2019-02-14 00:00:00,112,628,17.83
2019-02-15 00:00:00,197,423,46.57
2019-02-16 00:00:00,42,429,9.79
2019-02-17 00:00:00,160,206,77.67
2019-02-18 00:00:00,359,492,72.97
2019-02-19 00:00:00,289,739,39.11
2019-02-20 00:00:00,473,655,72.21
2019-02-21 00:00:00,306,463,66.09
2019-02-22 00:00:00,148,363,40.77
2019-02-23 00:00:00,402,489,82.21
2019-02-24 00:00:00,394,424,92.92
2019-02-25 00:00:00,262,539,48.61
2019-02-26 00:00:00,229,470,48.72
2019-02-27 00:00:00,224,693,32.32
2019-02-28 00:00:00,162,411,39.42
2019-03-01 00:00:00,94,119,78.99
2019-03-02 00:00:00,277,553,50.09
2019-03-03 00:00:00,209,636,32.86
2019-03-04 00:00:00,581,1040,55.87
2019-03-05 00:00:00,216,540,40.0
2019-03-06 00:00:00,165,566,29.15
2019-03-07 00:00:00,140,429,32.63
2019-03-08 00:00:00,102,338,30.18
2019-03-09 00:00:00,92,283,32.51
2019-03-10 00:00:00,61,189,32.28
2019-03-11 00:00:00,129,343,37.61
2019-03-12 00:00:00,127,260,48.85
2019-03-13 00:00:00,169,587,28.79
2019-03-14 00:00:00,174,349,49.86
2019-03-15 00:00:00,161,287,56.1
2019-03-16 00:00:00,100,526,19.01
2019-03-17 00:00:00,159,224,70.98
2019-03-18 00:00:00,151,272,55.51
2019-03-19 00:00:00,200,407,49.14
2019-03-20 00:00:00,153,515,29.71
2019-03-21 00:00:00,269,480,56.04
2019-03-22 00:00:00,156,2430,6.42
2019-03-23 00:00:00,3211,3402,94.39
2019-03-24 00:00:00,1864,2751,67.76
2019-03-25 00:00:00,2347,2850,82.35
2019-03-26 00:00:00,1906,2344,81.31
2019-03-27 00:00:00,1656,2138,77.46
2019-03-28 00:00:00,2017,2409,83.73
2019-03-29 00:00:00,2101,2447,85.86
2019-03-30 00:00:00,1666,1777,93.75
2019-03-31 00:00:00,1647,1877,87.75
2019-04-01 00:00:00,2326,2782,83.61
2019-04-02 00:00:00,2431,2902,83.77
2019-04-03 00:00:00,1139,3118,36.53
2019-04-04 00:00:00,1753,2148,81.61
2019-04-05 00:00:00,1061,3046,34.83
2019-04-06 00:00:00,2378,2729,87.14
2019-04-07 00:00:00,2857,3000,95.23
2019-04-08 00:00:00,2665,2999,88.86
2019-04-09 00:00:00,1632,2554,63.9
2019-04-10 00:00:00,2119,2472,85.72
2019-04-11 00:00:00,2609,3162,82.51
2019-04-12 00:00:00,2027,3271,61.97
2019-04-13 00:00:00,731,928,78.77
2019-04-14 00:00:00,1319,2193,60.15
2019-04-15 00:00:00,1429,1928,74.12
2019-04-16 00:00:00,1860,3275,56.79
2019-04-17 00:00:00,2724,3276,83.15
2019-04-18 00:00:00,2478,2935,84.43
2019-04-19 00:00:00,2946,3165,93.08
2019-04-20 00:00:00,2238,3205,69.83
2019-04-21 00:00:00,2979,3205,92.95
2019-04-22 00:00:00,2060,3140,65.61
2019-04-23 00:00:00,2997,3892,77.0
2019-04-24 00:00:00,3039,3686,82.45
2019-04-25 00:00:00,441,462,95.45
2019-04-28 00:00:00,513,537,95.53
2019-04-29 00:00:00,2618,3374,77.59
2019-04-30 00:00:00,2795,3448,81.06
2019-05-01 00:00:00,2793,3191,87.53
2019-05-02 00:00:00,2808,3284,85.51
2019-05-03 00:00:00,3035,3679,82.5
2019-05-04 00:00:00,2743,2951,92.95
2019-05-05 00:00:00,2783,2925,95.15
2019-05-06 00:00:00,2852,3251,87.73
2019-05-07 00:00:00,2837,3385,83.81
2019-05-08 00:00:00,2789,3455,80.72
2019-05-09 00:00:00,2744,3257,84.25
2019-05-10 00:00:00,2678,3410,78.53
2019-05-11 00:00:00,2374,2679,88.62
2019-05-12 00:00:00,2388,2602,91.78
2019-05-13 00:00:00,2637,3139,84.01
2019-05-14 00:00:00,2575,3071,83.85
2019-05-15 00:00:00,1273,2943,43.26
2019-05-16 00:00:00,1274,3475,36.66
2019-05-17 00:00:00,1737,2778,62.53
2019-05-18 00:00:00,1644,2011,81.75
2019-05-19 00:00:00,1559,1857,83.95
2019-05-20 00:00:00,1815,2864,63.37
2019-05-21 00:00:00,1590,2933,54.21
2019-05-22 00:00:00,694,1951,35.57
2019-05-23 00:00:00,428,1216,35.2
2019-05-24 00:00:00,327,1469,22.26
2019-05-25 00:00:00,217,553,39.24
2019-05-26 00:00:00,206,434,47.47
2019-05-27 00:00:00,447,1519,29.43
2019-05-28 00:00:00,623,1636,38.08
2019-05-29 00:00:00,378,1897,19.93
2019-05-30 00:00:00,314,1706,18.41
2019-05-31 00:00:00,584,1902,30.7
2019-06-01 00:00:00,223,1181,18.88
2019-06-02 00:00:00,199,673,29.57
2019-06-03 00:00:00,799,1397,57.19
2019-06-04 00:00:00,725,1377,52.65
2019-06-05 00:00:00,563,1724,32.66
2019-06-06 00:00:00,333,2120,15.71
2019-06-07 00:00:00,597,1475,40.47
2019-06-08 00:00:00,165,486,33.95
2019-06-09 00:00:00,258,602,42.86
2019-06-10 00:00:00,430,1369,31.41
2019-06-11 00:00:00,571,1765,32.35
2019-06-12 00:00:00,593,2054,28.87
2019-06-13 00:00:00,885,2507,35.3
2019-06-14 00:00:00,787,1744,45.13
2019-06-15 00:00:00,269,626,42.97
2019-06-16 00:00:00,228,728,31.32
2019-06-17 00:00:00,810,1884,42.99
2019-06-18 00:00:00,926,2015,45.96
2019-06-19 00:00:00,752,1495,50.3
2019-06-20 00:00:00,439,2053,21.38
2019-06-21 00:00:00,604,1387,43.55
2019-06-22 00:00:00,271,785,34.52
2019-06-23 00:00:00,288,716,40.22
2019-06-24 00:00:00,619,1347,45.95
2019-06-25 00:00:00,850,1843,46.12
2019-06-26 00:00:00,889,1619,54.91
2019-06-27 00:00:00,867,1700,51.0
2019-06-28 00:00:00,836,2034,41.1
2019-06-29 00:00:00,326,718,45.4
2019-06-30 00:00:00,248,576,43.06
2019-07-01 00:00:00,620,2009,30.86
2019-07-02 00:00:00,687,1776,38.68
2019-07-03 00:00:00,714,2297,31.08
2019-07-04 00:00:00,611,1505,40.6
2019-07-05 00:00:00,611,1184,51.6
2019-07-06 00:00:00,185,493,37.53
2019-07-07 00:00:00,243,661,36.76
2019-07-08 00:00:00,732,1526,47.97
2019-07-09 00:00:00,628,1565,40.13
2019-07-10 00:00:00,719,1679,42.82
2019-07-11 00:00:00,788,2179,36.16
2019-07-12 00:00:00,656,1622,40.44
2019-07-13 00:00:00,220,1261,17.45
2019-07-14 00:00:00,201,545,36.88
2019-07-15 00:00:00,798,1957,40.78
2019-07-16 00:00:00,756,1938,39.01
2019-07-17 00:00:00,710,2273,31.24
2019-07-18 00:00:00,818,2202,37.15
2019-07-19 00:00:00,788,1958,40.25
2019-07-20 00:00:00,233,867,26.87
2019-07-21 00:00:00,198,254,77.95
2019-07-22 00:00:00,999,1993,50.13
2019-07-23 00:00:00,1020,2305,44.25
2019-07-24 00:00:00,1136,1912,59.41
2019-07-25 00:00:00,1152,1781,64.68
2019-07-26 00:00:00,1251,2055,60.88
2019-07-27 00:00:00,291,503,57.85
2019-07-28 00:00:00,404,512,78.91
2019-07-29 00:00:00,1321,2030,65.07
2019-07-30 00:00:00,1272,2194,57.98
2019-07-31 00:00:00,1445,2801,51.59
2019-08-01 00:00:00,1424,2686,53.02
2019-08-02 00:00:00,1070,2328,45.96
2019-08-03 00:00:00,293,654,44.8
2019-08-04 00:00:00,411,614,66.94
2019-08-05 00:00:00,1126,2038,55.25
2019-08-06 00:00:00,853,2724,31.31
2019-08-07 00:00:00,990,2735,36.2
2019-08-08 00:00:00,441,2446,18.03
2019-08-09 00:00:00,1082,3041,35.58
2019-08-10 00:00:00,379,899,42.16
2019-08-11 00:00:00,268,497,53.92
2019-08-12 00:00:00,924,2359,39.17
2019-08-13 00:00:00,898,2074,43.3
2019-08-14 00:00:00,881,2011,43.81
2019-08-15 00:00:00,879,2282,38.52
2019-08-16 00:00:00,941,2043,46.06
2019-08-17 00:00:00,282,581,48.54
2019-08-18 00:00:00,365,554,65.88
2019-08-19 00:00:00,1070,1996,53.61
2019-08-20 00:00:00,1100,2084,52.78
2019-08-21 00:00:00,1229,2837,43.32
2019-08-22 00:00:00,1296,2543,50.96
2019-08-23 00:00:00,1232,2006,61.42
2019-08-24 00:00:00,433,912,47.48
2019-08-25 00:00:00,364,772,47.15
2019-08-26 00:00:00,888,2764,32.13
2019-08-27 00:00:00,991,2471,40.11
2019-08-28 00:00:00,1291,3329,38.78
2019-08-29 00:00:00,1054,2626,40.14
2019-08-30 00:00:00,886,2183,40.59
2019-08-31 00:00:00,84,1292,6.5
2019-09-01 00:00:00,634,881,71.96
2019-09-02 00:00:00,1020,2407,42.38
2019-09-03 00:00:00,1013,2668,37.97
2019-09-04 00:00:00,1240,2814,44.07
2019-09-05 00:00:00,1071,2416,44.33
2019-09-06 00:00:00,1110,2452,45.27
2019-09-07 00:00:00,403,1234,32.66
2019-09-08 00:00:00,498,981,50.76
2019-09-09 00:00:00,1372,2520,54.44
2019-09-10 00:00:00,1284,2323,55.27
2019-09-11 00:00:00,1267,2623,48.3
2019-09-12 00:00:00,1642,3074,53.42
2019-09-13 00:00:00,1565,3183,49.17
2019-09-14 00:00:00,498,1205,41.33
2019-09-15 00:00:00,609,809,75.28
2019-09-16 00:00:00,1775,3150,56.35
2019-09-17 00:00:00,1973,3904,50.54
2019-09-18 00:00:00,1929,3299,58.47
2019-09-19 00:00:00,2149,3654,58.81
2019-09-20 00:00:00,1912,3075,62.18
2019-09-21 00:00:00,590,826,71.43
2019-09-22 00:00:00,581,681,85.32
2019-09-23 00:00:00,1974,3121,63.25
2019-09-24 00:00:00,2287,3592,63.67
2019-09-25 00:00:00,1896,3203,59.19
2019-09-26 00:00:00,1904,2794,68.15
2019-09-27 00:00:00,1743,2985,58.39
2019-09-28 00:00:00,655,783,83.65
2019-09-29 00:00:00,547,1052,52.0
2019-09-30 00:00:00,1276,3599,35.45
2019-10-01 00:00:00,1442,3661,39.39
2019-10-02 00:00:00,1040,3326,31.27
2019-10-03 00:00:00,1156,3700,31.24
2019-10-04 00:00:00,1153,3643,31.65
2019-10-05 00:00:00,544,1227,44.34
2019-10-06 00:00:00,486,988,49.19
2019-10-07 00:00:00,746,4771,15.64
2019-10-08 00:00:00,1603,3778,42.43
2019-10-09 00:00:00,1144,4275,26.76
2019-10-10 00:00:00,1674,4191,39.94
2019-10-11 00:00:00,1499,3456,43.37
2019-10-12 00:00:00,449,935,48.02
2019-10-13 00:00:00,456,1040,43.85
2019-10-14 00:00:00,1341,3357,39.95
2019-10-15 00:00:00,1825,4074,44.8
2019-10-16 00:00:00,2038,4843,42.08
2019-10-17 00:00:00,1954,4404,44.37
2019-10-18 00:00:00,2043,4423,46.19
2019-10-19 00:00:00,535,1130,47.35
2019-10-20 00:00:00,502,1059,47.4
2019-10-21 00:00:00,1963,4092,47.97
2019-10-22 00:00:00,1650,4218,39.12
2019-10-23 00:00:00,1947,4644,41.93
2019-10-24 00:00:00,2099,4037,51.99
2019-10-25 00:00:00,2196,4410,49.8
2019-10-26 00:00:00,488,1674,29.15
2019-10-27 00:00:00,531,1490,35.64
2019-10-28 00:00:00,1956,4327,45.2
2019-10-29 00:00:00,2155,4597,46.88
2019-10-30 00:00:00,2487,4711,52.79
2019-10-31 00:00:00,2163,4189,51.64
2019-11-01 00:00:00,2026,4224,47.96
2019-11-02 00:00:00,792,1801,43.98
2019-11-03 00:00:00,581,1439,40.38
2019-11-04 00:00:00,2060,3813,54.03
2019-11-05 00:00:00,2533,4628,54.73
2019-11-06 00:00:00,2442,4168,58.59
2019-11-07 00:00:00,2812,4946,56.85
2019-11-08 00:00:00,2513,4393,57.2
2019-11-09 00:00:00,653,1218,53.61
2019-11-10 00:00:00,584,1095,53.33
2019-11-11 00:00:00,2507,4347,57.67
2019-11-12 00:00:00,2988,4949,60.38
2019-11-13 00:00:00,2855,4842,58.96
2019-11-14 00:00:00,3075,5107,60.21
2019-11-15 00:00:00,2578,4819,53.5
2019-11-16 00:00:00,1055,1459,72.31
2019-11-17 00:00:00,774,1227,63.08
2019-11-18 00:00:00,2709,4725,57.33
2019-11-19 00:00:00,2849,4875,58.44
2019-11-20 00:00:00,2691,4612,58.35
2019-11-21 00:00:00,3369,5563,60.56
2019-11-22 00:00:00,2845,4711,60.39
2019-11-23 00:00:00,826,1047,78.89
2019-11-24 00:00:00,809,2308,35.05
2019-11-25 00:00:00,2049,5364,38.2
2019-11-26 00:00:00,2285,5435,42.04
2019-11-27 00:00:00,1681,4721,35.61
2019-11-28 00:00:00,2666,6071,43.91
2019-11-29 00:00:00,1477,3437,42.97
2019-11-30 00:00:00,811,1591,50.97
2019-12-01 00:00:00,588,1231,47.77
2019-12-02 00:00:00,2345,5378,43.6
2019-12-03 00:00:00,2555,5844,43.72
2019-12-04 00:00:00,2912,6105,47.7
2019-12-05 00:00:00,3943,7357,53.6
2019-12-06 00:00:00,4623,7621,60.66
2019-12-07 00:00:00,2004,2997,66.87
2019-12-08 00:00:00,1843,2563,71.91
2019-12-09 00:00:00,3488,6358,54.86
2019-12-10 00:00:00,3514,6309,55.7
2019-12-11 00:00:00,2573,6612,38.91
2019-12-12 00:00:00,2389,6099,39.17
2019-12-13 00:00:00,1931,5387,35.85
2019-12-14 00:00:00,672,1738,38.67
2019-12-15 00:00:00,752,1406,53.49
2019-12-16 00:00:00,1901,5115,37.17
2019-12-17 00:00:00,2684,6157,43.59
2019-12-18 00:00:00,2520,5729,43.99
2019-12-19 00:00:00,2125,5454,38.96
2019-12-20 00:00:00,1812,4894,37.02
2019-12-21 00:00:00,722,1493,48.36
2019-12-22 00:00:00,709,1431,49.55
2019-12-23 00:00:00,1580,3306,47.79
2019-12-24 00:00:00,1321,3010,43.89
2019-12-25 00:00:00,813,1832,44.38
2019-12-26 00:00:00,1058,2220,47.66
2019-12-27 00:00:00,1085,2595,41.81
2019-12-28 00:00:00,424,925,45.84
2019-12-29 00:00:00,554,1001,55.34
2019-12-30 00:00:00,1445,2912,49.62
2019-12-31 00:00:00,1154,2223,51.91
2020-01-01 00:00:00,620,1236,50.16
2020-01-02 00:00:00,1625,3162,51.39
2020-01-03 00:00:00,1833,3839,47.75
2020-01-04 00:00:00,837,1568,53.38
2020-01-05 00:00:00,849,1710,49.65
2020-01-06 00:00:00,2094,3841,54.52
2020-01-07 00:00:00,2390,4957,48.21
2020-01-08 00:00:00,2728,6078,44.88
2020-01-09 00:00:00,2367,6503,36.4
2020-01-10 00:00:00,2158,6515,33.12
2020-01-11 00:00:00,809,2119,38.18
2020-01-12 00:00:00,827,1694,48.82
2020-01-13 00:00:00,2364,6237,37.9
2020-01-14 00:00:00,2469,6481,38.1
2020-01-15 00:00:00,3239,8078,40.1
2020-01-16 00:00:00,2799,6699,41.78
2020-01-17 00:00:00,2485,6174,40.25
2020-01-18 00:00:00,655,2407,27.21
2020-01-19 00:00:00,1463,2570,56.93
2020-01-20 00:00:00,2658,7261,36.61
2020-01-21 00:00:00,2673,7355,36.34
2020-01-22 00:00:00,2642,7344,35.97
2020-01-23 00:00:00,2894,7920,36.54
2020-01-24 00:00:00,2511,6716,37.39
2020-01-25 00:00:00,984,2277,43.21
2020-01-26 00:00:00,1094,2033,53.81
2020-01-27 00:00:00,2913,7264,40.1
2020-01-28 00:00:00,3253,7072,46.0
2020-01-29 00:00:00,3384,7629,44.36
2020-01-30 00:00:00,3416,8090,42.22
2020-01-31 00:00:00,3275,7042,46.51
2020-02-01 00:00:00,1091,1989,54.85
2020-02-02 00:00:00,1216,1831,66.41
2020-02-03 00:00:00,3286,6765,48.57
2020-02-04 00:00:00,1831,8747,20.93
2020-02-05 00:00:00,3204,8953,35.79
2020-02-06 00:00:00,3337,8937,37.34
2020-02-07 00:00:00,3179,7903,40.23
2020-02-08 00:00:00,1153,2302,50.09
2020-02-09 00:00:00,990,2592,38.19
2020-02-10 00:00:00,3374,7910,42.65
2020-02-11 00:00:00,3228,8700,37.1
2020-02-12 00:00:00,3283,9237,35.54
2020-02-13 00:00:00,3741,8702,42.99
2020-02-14 00:00:00,2973,8045,36.95
2020-02-15 00:00:00,1194,2649,45.07
2020-02-16 00:00:00,1008,2651,38.02
2020-02-17 00:00:00,3033,7911,38.34
2020-02-18 00:00:00,3326,10452,31.82
2020-02-19 00:00:00,3202,9739,32.88
2020-02-20 00:00:00,3562,9389,37.94
2020-02-21 00:00:00,3450,9038,38.17
2020-02-22 00:00:00,1029,2158,47.68
2020-02-23 00:00:00,1380,2404,57.4
2020-02-24 00:00:00,3562,8597,41.43
2020-02-25 00:00:00,4219,9649,43.72
2020-02-26 00:00:00,4265,10625,40.14
2020-02-27 00:00:00,4587,10283,44.61
2020-02-28 00:00:00,4597,8940,51.42
2020-02-29 00:00:00,2329,3952,58.93
2020-03-01 00:00:00,1334,3872,34.45
2020-03-02 00:00:00,3931,11167,35.2
2020-03-03 00:00:00,4584,12657,36.22
2020-03-04 00:00:00,5106,12052,42.37
2020-03-05 00:00:00,5137,11487,44.72
2020-03-06 00:00:00,4692,11537,40.67
2020-03-07 00:00:00,1458,3921,37.18
2020-03-08 00:00:00,1643,2940,55.88
2020-03-09 00:00:00,5084,10895,46.66
2020-03-10 00:00:00,5381,11387,47.26
2020-03-11 00:00:00,5399,11185,48.27
2020-03-12 00:00:00,5309,10639,49.9
2020-03-13 00:00:00,4823,9393,51.35
2020-03-14 00:00:00,1967,3457,56.9
2020-03-15 00:00:00,1819,2905,62.62
2020-03-16 00:00:00,5110,10326,49.49
2020-03-17 00:00:00,5152,9860,52.25
2020-03-18 00:00:00,5713,11005,51.91
2020-03-19 00:00:00,5854,10950,53.46
2020-03-20 00:00:00,4887,9287,52.62
2020-03-21 00:00:00,2092,3713,56.34
2020-03-22 00:00:00,2205,3367,65.49
2020-03-23 00:00:00,5955,10925,54.51
2020-03-24 00:00:00,6036,10841,55.68
2020-03-25 00:00:00,6473,11325,57.16
2020-03-26 00:00:00,6657,12065,55.18
2020-03-27 00:00:00,4939,10491,47.08
2020-03-28 00:00:00,1703,3660,46.53
2020-03-29 00:00:00,2444,4226,57.83
2020-03-30 00:00:00,4849,11890,40.78
2020-03-31 00:00:00,4662,12403,37.59
2020-04-01 00:00:00,4325,11662,37.09
2020-04-02 00:00:00,4335,10864,39.9
2020-04-03 00:00:00,4368,11000,39.71
2020-04-04 00:00:00,2125,4275,49.71
2020-04-05 00:00:00,1330,4060,32.76
2020-04-06 00:00:00,4204,12351,34.04
2020-04-07 00:00:00,4384,12919,33.93
2020-04-08 00:00:00,4834,13949,34.65
2020-04-09 00:00:00,5246,13831,37.93
2020-04-10 00:00:00,3793,9047,41.93
2020-04-11 00:00:00,2002,4591,43.61
2020-04-12 00:00:00,1785,4532,39.39
2020-04-13 00:00:00,4007,10129,39.56
2020-04-14 00:00:00,5368,13710,39.15
2020-04-15 00:00:00,5389,14273,37.76
2020-04-16 00:00:00,5625,14574,38.6
2020-04-17 00:00:00,5453,12116,45.01
2020-04-18 00:00:00,2363,4767,49.57
2020-04-19 00:00:00,2266,4807,47.14
2020-04-20 00:00:00,5722,13506,42.37
2020-04-21 00:00:00,6270,14164,44.27
2020-04-22 00:00:00,7016,14716,47.68
2020-04-23 00:00:00,7036,16666,42.22
2020-04-24 00:00:00,6919,13515,51.19
2020-04-25 00:00:00,2449,5079,48.22
2020-04-26 00:00:00,2676,5320,50.3
2020-04-27 00:00:00,7332,14847,49.38
2020-04-28 00:00:00,7245,17333,41.8
2020-04-29 00:00:00,7285,15634,46.6
2020-04-30 00:00:00,7709,15417,50.0
2020-05-01 00:00:00,5023,10065,49.91
2020-05-02 00:00:00,2516,4821,52.19
2020-05-03 00:00:00,2670,5330,50.09
2020-05-04 00:00:00,6869,14491,47.4
2020-05-05 00:00:00,7287,15438,47.2
2020-05-06 00:00:00,7558,15296,49.41
2020-05-07 00:00:00,7272,14176,51.3
2020-05-08 00:00:00,5913,11418,51.79
2020-05-09 00:00:00,2473,5055,48.92
2020-05-10 00:00:00,2380,4788,49.71
2020-05-11 00:00:00,7323,15045,48.67
2020-05-12 00:00:00,8510,16576,51.34
2020-05-13 00:00:00,8293,16406,50.55
2020-05-14 00:00:00,8505,16789,50.66
2020-05-15 00:00:00,7388,13412,55.08
2020-05-16 00:00:00,3503,6195,56.55
2020-05-17 00:00:00,3911,6762,57.84
2020-05-18 00:00:00,10229,17332,59.02
2020-05-19 00:00:00,10005,19204,52.1
2020-05-20 00:00:00,10653,18550,57.43
2020-05-21 00:00:00,8073,14994,53.84
2020-05-22 00:00:00,7624,13423,56.8
2020-05-23 00:00:00,2358,7214,32.69
2020-05-24 00:00:00,2604,7376,35.3
2020-05-25 00:00:00,4915,15291,32.14
2020-05-26 00:00:00,6188,17410,35.54
2020-05-27 00:00:00,5744,17546,32.74
2020-05-28 00:00:00,5971,16908,35.31
2020-05-29 00:00:00,5793,15672,36.96
2020-05-30 00:00:00,2615,6467,40.44
2020-05-31 00:00:00,2509,5742,43.7
2020-06-01 00:00:00,5443,14871,36.6
2020-06-02 00:00:00,7251,18227,39.78
2020-06-03 00:00:00,8119,20128,40.34
2020-06-04 00:00:00,7544,20775,36.31
2020-06-05 00:00:00,7804,18803,41.5
2020-06-06 00:00:00,2941,7733,38.03
2020-06-07 00:00:00,3079,7568,40.68
2020-06-08 00:00:00,8508,20456,41.59
2020-06-09 00:00:00,8296,19948,41.59
2020-06-10 00:00:00,8997,21875,41.13
2020-06-11 00:00:00,8055,22132,36.4
2020-06-12 00:00:00,6154,20451,30.09
2020-06-13 00:00:00,2862,8248,34.7
2020-06-14 00:00:00,2952,9777,30.19
2020-06-15 00:00:00,2692,21670,12.42
2020-06-16 00:00:00,7333,24222,30.27
2020-06-17 00:00:00,6544,23961,27.31
2020-06-18 00:00:00,7372,24703,29.84
2020-06-19 00:00:00,5862,20165,29.07
2020-06-20 00:00:00,2550,7516,33.93
2020-06-21 00:00:00,2817,7556,37.28
2020-06-22 00:00:00,7877,21730,36.25
2020-06-23 00:00:00,8670,23062,37.59
2020-06-24 00:00:00,7964,22263,35.77
2020-06-25 00:00:00,8081,22545,35.84
2020-06-26 00:00:00,7557,20926,36.11
2020-06-27 00:00:00,2350,5665,41.48
2020-06-28 00:00:00,3116,6770,46.03
2020-06-29 00:00:00,9544,21124,45.18
2020-06-30 00:00:00,9129,20120,45.37
2020-07-01 00:00:00,8824,18740,47.09
2020-07-02 00:00:00,8736,18438,47.38
2020-07-03 00:00:00,7289,15630,46.63
2020-07-04 00:00:00,3744,6702,55.86
2020-07-05 00:00:00,3722,6534,56.96
2020-07-06 00:00:00,8663,18925,45.78
2020-07-07 00:00:00,9121,19127,47.69
2020-07-08 00:00:00,9784,20886,46.84
2020-07-09 00:00:00,8758,19614,44.65
2020-07-10 00:00:00,7710,17931,43.0
2020-07-11 00:00:00,2379,6960,34.18
2020-07-12 00:00:00,2938,7301,40.24
2020-07-13 00:00:00,6266,20413,30.7
2020-07-14 00:00:00,6654,20239,32.88
2020-07-15 00:00:00,7409,22376,33.11
2020-07-16 00:00:00,7732,21385,36.16
2020-07-17 00:00:00,7334,18661,39.3
2020-07-18 00:00:00,3311,7046,46.99
2020-07-19 00:00:00,3008,7256,41.46
2020-07-20 00:00:00,6398,21510,29.74
2020-07-21 00:00:00,7428,23477,31.64
2020-07-22 00:00:00,9196,23818,38.61
2020-07-23 00:00:00,9948,23988,41.47
2020-07-24 00:00:00,7543,19644,38.4
2020-07-25 00:00:00,2613,6834,38.24
2020-07-26 00:00:00,3338,8754,38.13
2020-07-27 00:00:00,9046,22762,39.74
2020-07-28 00:00:00,11988,25375,47.24
2020-07-29 00:00:00,12683,25939,48.9
2020-07-30 00:00:00,12159,23307,52.17
2020-07-31 00:00:00,9878,18944,52.14
2020-08-01 00:00:00,4639,7053,65.77
2020-08-02 00:00:00,5069,7943,63.82
2020-08-03 00:00:00,11654,22164,52.58
2020-08-04 00:00:00,12480,22649,55.1
2020-08-05 00:00:00,11663,22351,52.18
2020-08-06 00:00:00,12258,23618,51.9
2020-08-07 00:00:00,10664,20203,52.78
2020-08-08 00:00:00,5132,7218,71.1
2020-08-09 00:00:00,5511,8104,68.0
2020-08-10 00:00:00,6909,23515,29.38
2020-08-11 00:00:00,7170,26560,27.0
2020-08-12 00:00:00,7093,27069,26.2
2020-08-13 00:00:00,8672,26820,32.33
2020-08-14 00:00:00,7329,23514,31.17
2020-08-15 00:00:00,3268,9446,34.6
2020-08-16 00:00:00,3206,7286,44.0
2020-08-17 00:00:00,8053,23712,33.96
2020-08-18 00:00:00,9716,26801,36.25
2020-08-19 00:00:00,9589,25251,37.97
2020-08-20 00:00:00,10419,26310,39.6
2020-08-21 00:00:00,9037,23040,39.22
2020-08-22 00:00:00,3420,8072,42.37
2020-08-23 00:00:00,3836,8539,44.92
2020-08-24 00:00:00,10151,24549,41.35
2020-08-25 00:00:00,11723,28348,41.35
2020-08-26 00:00:00,13067,29337,44.54
2020-08-27 00:00:00,11628,28004,41.52
2020-08-28 00:00:00,9739,23626,41.22
2020-08-29 00:00:00,4749,9387,50.59
2020-08-30 00:00:00,4044,9068,44.6
2020-08-31 00:00:00,14521,29890,48.58
2020-09-01 00:00:00,13026,30089,43.29
2020-09-02 00:00:00,12991,27576,47.11
2020-09-03 00:00:00,13036,27621,47.2
2020-09-04 00:00:00,12467,25191,49.49
2020-09-05 00:00:00,4754,9515,49.96
2020-09-06 00:00:00,4878,9209,52.97
2020-09-07 00:00:00,11432,21916,52.16
2020-09-08 00:00:00,14385,26800,53.68
2020-09-09 00:00:00,14946,29125,51.32
2020-09-10 00:00:00,14417,27187,53.03
2020-09-11 00:00:00,13621,26164,52.06
2020-09-12 00:00:00,5010,10772,46.51
2020-09-13 00:00:00,4933,10576,46.64
2020-09-14 00:00:00,15774,31265,50.45
2020-09-15 00:00:00,16782,39691,42.28
2020-09-16 00:00:00,16071,35317,45.5
2020-09-17 00:00:00,16155,31794,50.81
2020-09-18 00:00:00,15020,31659,47.44
2020-09-19 00:00:00,7277,16918,43.01
2020-09-20 00:00:00,5143,13605,37.8
2020-09-21 00:00:00,16708,34509,48.42
2020-09-22 00:00:00,18231,34335,53.1
2020-09-23 00:00:00,17890,33117,54.02
2020-09-24 00:00:00,17883,32524,54.98
2020-09-25 00:00:00,17086,30924,55.25
2020-09-26 00:00:00,6466,11057,58.48
2020-09-27 00:00:00,6421,10231,62.76
2020-09-28 00:00:00,19258,32015,60.15
2020-09-29 00:00:00,19629,35265,55.66
2020-09-30 00:00:00,19195,33265,57.7
2020-10-01 00:00:00,18544,34293,54.08
2020-10-02 00:00:00,16233,28641,56.68
2020-10-03 00:00:00,6164,9914,62.17
2020-10-04 00:00:00,6123,11509,53.2
2020-10-05 00:00:00,19137,32449,58.98
2020-10-06 00:00:00,18307,31841,57.5
2020-10-07 00:00:00,21464,36938,58.11
2020-10-08 00:00:00,22406,35844,62.51
2020-10-09 00:00:00,19490,31841,61.21
2020-10-10 00:00:00,6470,10691,60.52
2020-10-11 00:00:00,6668,11619,57.39
2020-10-12 00:00:00,18347,30129,60.89
2020-10-13 00:00:00,20238,33759,59.95
2020-10-14 00:00:00,20685,35705,57.93
2020-10-15 00:00:00,21066,35471,59.39
2020-10-16 00:00:00,18181,30924,58.79
2020-10-17 00:00:00,7382,12880,57.31
2020-10-18 00:00:00,9605,14379,66.8
2020-10-19 00:00:00,23425,37045,63.23
2020-10-20 00:00:00,23109,37520,61.59
2020-10-21 00:00:00,21157,36244,58.37
2020-10-22 00:00:00,21737,36509,59.54
2020-10-23 00:00:00,19763,32213,61.35
2020-10-24 00:00:00,6706,10874,61.67
2020-10-25 00:00:00,6437,11072,58.14
2020-10-26 00:00:00,21326,33235,64.17
2020-10-27 00:00:00,21830,35774,61.02
2020-10-28 00:00:00,20842,35066,59.44
2020-10-29 00:00:00,21476,36476,58.88
2020-10-30 00:00:00,19741,31897,61.89
2020-10-31 00:00:00,6438,10799,59.62
2020-11-01 00:00:00,6778,11963,56.66
2020-11-02 00:00:00,20548,32428,63.36
2020-11-03 00:00:00,22035,35361,62.31
2020-11-04 00:00:00,22428,35108,63.88
2020-11-05 00:00:00,22194,35528,62.47
2020-11-06 00:00:00,22976,35591,64.56
2020-11-07 00:00:00,6913,12023,57.5
2020-11-08 00:00:00,7247,11965,60.57
2020-11-09 00:00:00,22755,34651,65.67
2020-11-10 00:00:00,24577,36107,68.07
2020-11-11 00:00:00,22888,36117,63.37
2020-11-12 00:00:00,24640,36422,67.65
2020-11-13 00:00:00,21975,33350,65.89
2020-11-14 00:00:00,6735,11492,58.61
2020-11-15 00:00:00,7514,12162,61.78
2020-11-16 00:00:00,25733,39181,65.68
2020-11-17 00:00:00,25750,40301,63.89
2020-11-18 00:00:00,25702,39712,64.72
2020-11-19 00:00:00,25913,38998,66.45
2020-11-20 00:00:00,22799,34626,65.84
2020-11-21 00:00:00,7069,11501,61.46
2020-11-22 00:00:00,7402,10771,68.72
2020-11-23 00:00:00,24507,35615,68.81
2020-11-24 00:00:00,26031,39700,65.57
2020-11-25 00:00:00,24770,36315,68.21
2020-11-26 00:00:00,23267,33392,69.68
2020-11-27 00:00:00,19284,27427,70.31
2020-11-28 00:00:00,6361,9043,70.34
2020-11-29 00:00:00,6511,12370,52.64
2020-11-30 00:00:00,10395,38942,26.69
2020-12-01 00:00:00,10755,43440,24.76
2020-12-02 00:00:00,12008,41725,28.78
2020-12-03 00:00:00,12055,40942,29.44
2020-12-04 00:00:00,11244,38418,29.27
2020-12-05 00:00:00,4163,12263,33.95
2020-12-06 00:00:00,4966,12570,39.51
2020-12-07 00:00:00,13331,40917,32.58
2020-12-08 00:00:00,12874,42335,30.41
2020-12-09 00:00:00,14575,43912,33.19
2020-12-10 00:00:00,15411,44029,35.0
2020-12-11 00:00:00,14061,39698,35.42
2020-12-12 00:00:00,5507,13551,40.64
2020-12-13 00:00:00,5727,14056,40.74
2020-12-14 00:00:00,15897,40152,39.59
2020-12-15 00:00:00,15724,44231,35.55
2020-12-16 00:00:00,15122,42834,35.3
2020-12-17 00:00:00,16401,43708,37.52
2020-12-18 00:00:00,14494,37717,38.43
2020-12-19 00:00:00,6414,13271,48.33
2020-12-20 00:00:00,5693,14954,38.07
2020-12-21 00:00:00,11583,38815,29.84
2020-12-22 00:00:00,10927,36348,30.06
2020-12-23 00:00:00,9641,33346,28.91
2020-12-24 00:00:00,6032,18944,31.84
2020-12-25 00:00:00,3785,11709,32.33
2020-12-26 00:00:00,3221,9133,35.27
2020-12-27 00:00:00,4049,10986,36.86
2020-12-28 00:00:00,8072,22965,35.15
2020-12-29 00:00:00,8882,25868,34.34
2020-12-30 00:00:00,8268,23093,35.8
2020-12-31 00:00:00,6412,17061,37.58
2021-01-01 00:00:00,4265,10087,42.28
2021-01-02 00:00:00,3528,8322,42.39
2021-01-03 00:00:00,5276,12114,43.55
2021-01-04 00:00:00,11381,33856,33.62
2021-01-05 00:00:00,13774,39488,34.88
2021-01-06 00:00:00,12772,38612,33.08
2021-01-07 00:00:00,13084,40107,32.62
2021-01-08 00:00:00,14202,38698,36.7
2021-01-09 00:00:00,6798,15219,44.67
2021-01-10 00:00:00,6047,14699,41.14
2021-01-11 00:00:00,16634,41712,39.88
2021-01-12 00:00:00,17356,46504,37.32
2021-01-13 00:00:00,16647,46278,35.97
2021-01-14 00:00:00,17306,46355,37.33
2021-01-15 00:00:00,16403,45252,36.25
2021-01-16 00:00:00,6118,14463,42.3
2021-01-17 00:00:00,6495,32729,19.84
2021-01-18 00:00:00,17341,40840,42.46
2021-01-19 00:00:00,19222,48139,39.93
2021-01-20 00:00:00,22136,53557,41.33
2021-01-21 00:00:00,23309,53223,43.79
2021-01-22 00:00:00,19019,43942,43.28
2021-01-23 00:00:00,7607,14334,53.07
2021-01-24 00:00:00,8470,16592,51.05
2021-01-25 00:00:00,22759,51889,43.86
2021-01-26 00:00:00,23367,53134,43.98
2021-01-27 00:00:00,23852,55010,43.36
2021-01-28 00:00:00,20795,48609,42.78
2021-01-29 00:00:00,21672,48399,44.78
2021-01-30 00:00:00,8120,17008,47.74
2021-01-31 00:00:00,8226,17801,46.21
2021-02-01 00:00:00,23633,52734,44.82
2021-02-02 00:00:00,24203,54200,44.65
2021-02-03 00:00:00,24220,54017,44.84
2021-02-04 00:00:00,24717,55257,44.73
2021-02-05 00:00:00,21792,47389,45.99
2021-02-06 00:00:00,9317,17140,54.36
2021-02-07 00:00:00,10330,21470,48.11
2021-02-08 00:00:00,25386,52313,48.53
2021-02-09 00:00:00,27375,56811,48.19
2021-02-10 00:00:00,27943,59947,46.61
2021-02-11 00:00:00,23623,55014,42.94
2021-02-12 00:00:00,22540,51246,43.98
2021-02-13 00:00:00,9355,17997,51.98
2021-02-14 00:00:00,9885,19314,51.18
2021-02-15 00:00:00,23039,46797,49.23
2021-02-16 00:00:00,26305,53596,49.08
2021-02-17 00:00:00,27145,57684,47.06
2021-02-18 00:00:00,29211,57542,50.76
2021-02-19 00:00:00,29031,53963,53.8
2021-02-20 00:00:00,11698,21152,55.3
2021-02-21 00:00:00,9940,18479,53.79
2021-02-22 00:00:00,32409,60041,53.98
2021-02-23 00:00:00,30037,60557,49.6
2021-02-24 00:00:00,31144,61411,50.71
2021-02-25 00:00:00,31142,62583,49.76
2021-02-26 00:00:00,28351,56907,49.82
2021-02-27 00:00:00,11921,19727,60.43
2021-02-28 00:00:00,9291,19127,48.58
2021-03-01 00:00:00,29561,56694,52.14
2021-03-02 00:00:00,34621,67252,51.48
2021-03-03 00:00:00,36053,66412,54.29
2021-03-04 00:00:00,39410,69631,56.6
2021-03-05 00:00:00,31439,58624,53.63
2021-03-06 00:00:00,15148,25645,59.07
2021-03-07 00:00:00,14042,24184,58.06
2021-03-08 00:00:00,36077,63208,57.08
2021-03-09 00:00:00,38007,68958,55.12
2021-03-10 00:00:00,38174,70038,54.5
2021-03-11 00:00:00,35043,64440,54.38
2021-03-12 00:00:00,30347,56872,53.36
2021-03-13 00:00:00,12754,21314,59.84
2021-03-14 00:00:00,11300,22196,50.91
2021-03-15 00:00:00,33365,60752,54.92
2021-03-16 00:00:00,36011,65101,55.32
2021-03-17 00:00:00,36095,66761,54.07
2021-03-18 00:00:00,36068,63572,56.74
2021-03-19 00:00:00,31937,59608,53.58
2021-03-20 00:00:00,12204,21175,57.63
2021-03-21 00:00:00,15303,26301,58.18
2021-03-22 00:00:00,36438,68181,53.44
2021-03-23 00:00:00,39013,69166,56.4
2021-03-24 00:00:00,40995,74139,55.29
2021-03-25 00:00:00,38430,65509,58.66
2021-03-26 00:00:00,36447,63873,57.06
2021-03-27 00:00:00,11156,20410,54.66
2021-03-28 00:00:00,11950,20612,57.98
2021-03-29 00:00:00,40179,66799,60.15
2021-03-30 00:00:00,41140,72087,57.07
2021-03-31 00:00:00,40393,70306,57.45
2021-04-01 00:00:00,38416,65030,59.07
2021-04-02 00:00:00,28318,45312,62.5
2021-04-03 00:00:00,13533,21320,63.48
2021-04-04 00:00:00,12047,21564,55.87
2021-04-05 00:00:00,26667,45332,58.83
2021-04-06 00:00:00,41091,68749,59.77
2021-04-07 00:00:00,43773,71317,61.38
2021-04-08 00:00:00,43100,70397,61.22
2021-04-09 00:00:00,39701,63223,62.8
2021-04-10 00:00:00,14385,22994,62.56
2021-04-11 00:00:00,15393,26357,58.4
2021-04-12 00:00:00,45846,77693,59.01
2021-04-13 00:00:00,45998,78948,58.26
2021-04-14 00:00:00,44191,70709,62.5
2021-04-15 00:00:00,45185,72110,62.66
2021-04-16 00:00:00,38036,60922,62.43
2021-04-17 00:00:00,14495,20820,69.62
2021-04-18 00:00:00,17224,25626,67.21
2021-04-19 00:00:00,48665,75648,64.33
2021-04-20 00:00:00,45838,74303,61.69
2021-04-21 00:00:00,47497,76475,62.11
2021-04-22 00:00:00,47720,78335,60.92
2021-04-23 00:00:00,39992,68124,58.7
2021-04-24 00:00:00,14000,22623,61.88
2021-04-25 00:00:00,15062,24378,61.79
2021-04-26 00:00:00,46863,73889,63.42
2021-04-27 00:00:00,49808,76971,64.71
2021-04-28 00:00:00,53672,81206,66.09
2021-04-29 00:00:00,51270,78421,65.38
2021-04-30 00:00:00,44975,68064,66.08
2021-05-01 00:00:00,15613,24428,63.91
2021-05-02 00:00:00,17904,28299,63.27
2021-05-03 00:00:00,41443,63424,65.34
2021-05-04 00:00:00,51339,79150,64.86
2021-05-05 00:00:00,48501,75640,64.12
2021-05-06 00:00:00,47977,77842,61.63
2021-05-07 00:00:00,27544,65702,41.92
2021-05-08 00:00:00,9896,23225,42.61
2021-05-09 00:00:00,9723,25739,37.78
2021-05-10 00:00:00,16254,77641,20.93
2021-05-11 00:00:00,24056,86833,27.7
2021-05-12 00:00:00,29115,93659,31.09
2021-05-13 00:00:00,21579,78109,27.63
2021-05-14 00:00:00,21980,68001,32.32
2021-05-15 00:00:00,10877,26378,41.24
2021-05-16 00:00:00,9956,27367,36.38
2021-05-17 00:00:00,26237,79840,32.86
2021-05-18 00:00:00,26964,87865,30.69
2021-05-19 00:00:00,30038,93579,32.1
2021-05-20 00:00:00,31010,96267,32.21
2021-05-21 00:00:00,30470,84203,36.19
2021-05-22 00:00:00,12402,29614,41.88
2021-05-23 00:00:00,11239,30800,36.49
2021-05-24 00:00:00,26414,80750,32.71
2021-05-25 00:00:00,32005,91514,34.97
2021-05-26 00:00:00,32360,90076,35.93
2021-05-27 00:00:00,33065,89396,36.99
2021-05-28 00:00:00,32389,80795,40.09
2021-05-29 00:00:00,13288,27875,47.67
2021-05-30 00:00:00,13320,32042,41.57
2021-05-31 00:00:00,29739,71158,41.79
2021-06-01 00:00:00,33422,85820,38.94
2021-06-02 00:00:00,38054,92694,41.05
2021-06-03 00:00:00,36461,87407,41.71
2021-06-04 00:00:00,35504,80034,44.36
2021-06-05 00:00:00,14503,29402,49.33
2021-06-06 00:00:00,14371,32098,44.77
2021-06-07 00:00:00,40049,90675,44.17
2021-06-08 00:00:00,43279,99737,43.39
2021-06-09 00:00:00,51151,108027,47.35
2021-06-10 00:00:00,51309,106942,47.98
2021-06-11 00:00:00,42122,86197,48.87
2021-06-12 00:00:00,15299,28156,54.34
2021-06-13 00:00:00,16241,34835,46.62
2021-06-14 00:00:00,42677,93535,45.63
2021-06-15 00:00:00,50428,101535,49.67
2021-06-16 00:00:00,49470,101842,48.58
2021-06-17 00:00:00,52149,103458,50.41
2021-06-18 00:00:00,40256,79834,50.42
2021-06-19 00:00:00,14943,29856,50.05
2021-06-20 00:00:00,17684,35889,49.27
2021-06-21 00:00:00,49487,95507,51.82
2021-06-22 00:00:00,49933,97843,51.03
2021-06-23 00:00:00,58320,106599,54.71
2021-06-24 00:00:00,57472,109209,52.63
2021-06-25 00:00:00,46566,88326,52.72
2021-06-26 00:00:00,19807,31006,63.88
2021-06-27 00:00:00,22576,36283,62.22
2021-06-28 00:00:00,53337,94768,56.28
2021-06-29 00:00:00,58300,102947,56.63
2021-06-30 00:00:00,53617,99242,54.03
2021-07-01 00:00:00,57596,99375,57.96
2021-07-02 00:00:00,48816,84725,57.62
2021-07-03 00:00:00,23154,34218,67.67
2021-07-04 00:00:00,24181,39990,60.47
2021-07-05 00:00:00,28708,83860,34.23
2021-07-06 00:00:00,30000,94800,31.65
2021-07-07 00:00:00,35328,99853,35.38
2021-07-08 00:00:00,34683,96622,35.9
2021-07-09 00:00:00,31119,85335,36.47
2021-07-10 00:00:00,14554,31426,46.31
2021-07-11 00:00:00,16082,37258,43.16
2021-07-12 00:00:00,38749,98471,39.35
2021-07-13 00:00:00,37632,100779,37.34
2021-07-14 00:00:00,39085,100574,38.86
2021-07-15 00:00:00,37424,100912,37.09
2021-07-16 00:00:00,33557,88125,38.08
2021-07-17 00:00:00,16921,34838,48.57
2021-07-18 00:00:00,16880,41031,41.14
2021-07-19 00:00:00,38971,100627,38.73
2021-07-20 00:00:00,41028,100184,40.95
2021-07-21 00:00:00,35206,99253,35.47
2021-07-22 00:00:00,31555,101360,31.13
2021-07-23 00:00:00,31857,91901,34.66
2021-07-24 00:00:00,16983,37006,45.89
2021-07-25 00:00:00,16206,38085,42.55
2021-07-26 00:00:00,32455,100597,32.26
2021-07-27 00:00:00,34807,106344,32.73
2021-07-28 00:00:00,32387,101568,31.89
2021-07-29 00:00:00,29995,98742,30.38
2021-07-30 00:00:00,28822,89516,32.2
2021-07-31 00:00:00,15222,34354,44.31
2021-08-01 00:00:00,14341,39636,36.18
2021-08-02 00:00:00,29702,99802,29.76
2021-08-03 00:00:00,32710,105272,31.07
2021-08-04 00:00:00,32539,105682,30.79
2021-08-05 00:00:00,35796,106818,33.51
2021-08-06 00:00:00,31933,90593,35.25
2021-08-07 00:00:00,17101,36246,47.18
2021-08-08 00:00:00,17808,40155,44.35
2021-08-09 00:00:00,36912,101910,36.22
2021-08-10 00:00:00,39094,107768,36.28
2021-08-11 00:00:00,47043,117362,40.08
2021-08-12 00:00:00,39252,110107,35.65
2021-08-13 00:00:00,36662,94655,38.73
2021-08-14 00:00:00,17316,36145,47.91
2021-08-15 00:00:00,20982,43070,48.72
2021-08-16 00:00:00,45041,108579,41.48
2021-08-17 00:00:00,47228,117119,40.32
2021-08-18 00:00:00,49097,117797,41.68
2021-08-19 00:00:00,45987,111709,41.17
2021-08-20 00:00:00,42645,98543,43.28
2021-08-21 00:00:00,22111,43938,50.32
2021-08-22 00:00:00,25257,49114,51.43
2021-08-23 00:00:00,46939,108284,43.35
2021-08-24 00:00:00,54935,121868,45.08
2021-08-25 00:00:00,61382,125809,48.79
2021-08-26 00:00:00,53128,119936,44.3
2021-08-27 00:00:00,48506,104369,46.48
2021-08-28 00:00:00,23529,45474,51.74
2021-08-29 00:00:00,25775,50202,51.34
2021-08-30 00:00:00,58323,120770,48.29
2021-08-31 00:00:00,57736,123854,46.62
2021-09-01 00:00:00,61267,129086,47.46
2021-09-02 00:00:00,59470,125206,47.5
2021-09-03 00:00:00,52984,108512,48.83
2021-09-04 00:00:00,23572,49577,47.55
2021-09-05 00:00:00,24127,51747,46.62
2021-09-06 00:00:00,49020,100598,48.73
2021-09-07 00:00:00,57715,118656,48.64
2021-09-08 00:00:00,60937,123379,49.39
2021-09-09 00:00:00,62664,126111,49.69
2021-09-10 00:00:00,53056,104938,50.56
2021-09-11 00:00:00,24177,48408,49.94
2021-09-12 00:00:00,30255,56916,53.16
2021-09-13 00:00:00,60038,129139,46.49
2021-09-14 00:00:00,63780,132022,48.31
2021-09-15 00:00:00,64586,128757,50.16
2021-09-16 00:00:00,60996,122596,49.75
2021-09-17 00:00:00,55467,109963,50.44
2021-09-18 00:00:00,27664,47898,57.76
2021-09-19 00:00:00,29433,53478,55.04
2021-09-20 00:00:00,56473,115641,48.83
2021-09-21 00:00:00,61028,125039,48.81
2021-09-22 00:00:00,61206,131707,46.47
2021-09-23 00:00:00,63125,129548,48.73
2021-09-24 00:00:00,58237,112354,51.83
2021-09-25 00:00:00,27429,51411,53.35
2021-09-26 00:00:00,29341,55816,52.57
2021-09-27 00:00:00,63460,129723,48.92
2021-09-28 00:00:00,66175,128820,51.37
2021-09-29 00:00:00,70081,136032,51.52
2021-09-30 00:00:00,69059,135507,50.96
2021-10-01 00:00:00,62563,119158,52.5
2021-10-02 00:00:00,28404,52315,54.29
2021-10-03 00:00:00,30418,54914,55.39
2021-10-04 00:00:00,70514,130531,54.02
2021-10-05 00:00:00,76414,142556,53.6
2021-10-06 00:00:00,87183,154223,56.53
2021-10-07 00:00:00,68658,148809,46.14
2021-10-08 00:00:00,43822,131328,33.37
2021-10-09 00:00:00,24128,59936,40.26
2021-10-10 00:00:00,22695,64299,35.3
2021-10-11 00:00:00,41656,143333,29.06
2021-10-12 00:00:00,45526,148145,30.73
2021-10-13 00:00:00,45286,151692,29.85
2021-10-14 00:00:00,46326,150949,30.69
2021-10-15 00:00:00,58265,144972,40.19
2021-10-16 00:00:00,26135,64307,40.64
2021-10-17 00:00:00,27806,65291,42.59
2021-10-18 00:00:00,50613,153346,33.01
2021-10-19 00:00:00,50201,154913,32.41
2021-10-20 00:00:00,55921,160501,34.84
2021-10-21 00:00:00,53950,159998,33.72
2021-10-22 00:00:00,62532,156374,39.99
2021-10-23 00:00:00,27230,64436,42.26
2021-10-24 00:00:00,29638,69178,42.84
2021-10-25 00:00:00,58952,153930,38.3
2021-10-26 00:00:00,57510,156128,36.84
2021-10-27 00:00:00,58464,156840,37.28
2021-10-28 00:00:00,62603,161549,38.75
2021-10-29 00:00:00,77665,163613,47.47
2021-10-30 00:00:00,32521,63832,50.95
2021-10-31 00:00:00,31614,66791,47.33
2021-11-01 00:00:00,76195,155613,48.96
2021-11-02 00:00:00,64744,156943,41.25
2021-11-03 00:00:00,65499,160789,40.74
2021-11-04 00:00:00,68681,163386,42.04
2021-11-05 00:00:00,70009,148673,47.09
2021-11-06 00:00:00,40322,72619,55.53
2021-11-07 00:00:00,34500,71624,48.17
2021-11-08 00:00:00,68758,156286,43.99
2021-11-09 00:00:00,70773,166248,42.57
2021-11-10 00:00:00,75710,174096,43.49
2021-11-11 00:00:00,65653,155013,42.35
2021-11-12 00:00:00,78852,161172,48.92
2021-11-13 00:00:00,39213,79677,49.21
2021-11-14 00:00:00,48911,89725,54.51
2021-11-15 00:00:00,70129,161538,43.41
2021-11-16 00:00:00,75905,167122,45.42
2021-11-17 00:00:00,74798,171656,43.57
2021-11-18 00:00:00,81129,171947,47.18
2021-11-19 00:00:00,86296,166989,51.68
2021-11-20 00:00:00,44978,79711,56.43
2021-11-21 00:00:00,40816,75531,54.04
2021-11-22 00:00:00,75407,160128,47.09
2021-11-23 00:00:00,84176,174580,48.22
2021-11-24 00:00:00,75367,167717,44.94
2021-11-25 00:00:00,70676,151536,46.64
2021-11-26 00:00:00,80845,147378,54.86
2021-11-27 00:00:00,41535,72163,57.56
2021-11-28 00:00:00,42551,75784,56.15
2021-11-29 00:00:00,78708,164321,47.9
2021-11-30 00:00:00,82869,176878,46.85
2021-12-01 00:00:00,93262,191817,48.62
2021-12-02 00:00:00,94706,186395,50.81
2021-12-03 00:00:00,92728,173380,53.48
2021-12-04 00:00:00,47043,87350,53.86
2021-12-05 00:00:00,45471,85561,53.14
2021-12-06 00:00:00,81838,168917,48.45
2021-12-07 00:00:00,85617,171423,49.94
2021-12-08 00:00:00,86688,176949,48.99
2021-12-09 00:00:00,90581,178781,50.67
2021-12-10 00:00:00,97510,169595,57.5
2021-12-11 00:00:00,62604,95253,65.72
2021-12-12 00:00:00,52805,88761,59.49
2021-12-13 00:00:00,95750,180093,53.17
2021-12-14 00:00:00,98131,185639,52.86
2021-12-15 00:00:00,94461,183078,51.6
2021-12-16 00:00:00,93409,179295,52.1
2021-12-17 00:00:00,90827,162056,56.05
2021-12-18 00:00:00,61145,93236,65.58
2021-12-19 00:00:00,50289,83561,60.18
2021-12-20 00:00:00,90518,166190,54.47
2021-12-21 00:00:00,96736,182648,52.96
2021-12-22 00:00:00,86443,162545,53.18
2021-12-23 00:00:00,83895,145265,57.75
2021-12-24 00:00:00,76727,112791,68.03
2021-12-25 00:00:00,46797,70071,66.79
2021-12-26 00:00:00,46771,75321,62.1
2021-12-27 00:00:00,69442,114842,60.47
2021-12-28 00:00:00,69367,122565,56.6
2021-12-29 00:00:00,67345,122347,55.04
2021-12-30 00:00:00,64837,115917,55.93
2021-12-31 00:00:00,49921,83555,59.75
2022-01-01 00:00:00,62208,89564,69.46
2022-01-02 00:00:00,68090,100371,67.84
2022-01-03 00:00:00,79035,141162,55.99
2022-01-04 00:00:00,90237,168222,53.64
2022-01-05 00:00:00,91784,173833,52.8
2022-01-06 00:00:00,102396,179210,57.14
2022-01-07 00:00:00,98615,182071,54.16
2022-01-08 00:00:00,45801,99932,45.83
2022-01-09 00:00:00,43531,94792,45.92
2022-01-10 00:00:00,71518,194354,36.8
2022-01-11 00:00:00,77257,208449,37.06
2022-01-12 00:00:00,74417,205532,36.21
2022-01-13 00:00:00,77098,199883,38.57
2022-01-14 00:00:00,73080,191865,38.09
2022-01-15 00:00:00,49193,92334,53.28
2022-01-16 00:00:00,43727,94456,46.29
2022-01-17 00:00:00,74763,190432,39.26
2022-01-18 00:00:00,76573,201981,37.91
2022-01-19 00:00:00,78781,209487,37.61
2022-01-20 00:00:00,83638,212401,39.38
2022-01-21 00:00:00,75812,203281,37.29
2022-01-22 00:00:00,52315,97111,53.87
2022-01-23 00:00:00,48152,96728,49.78
2022-01-24 00:00:00,85351,211714,40.31
2022-01-25 00:00:00,84763,214695,39.48
2022-01-26 00:00:00,84156,212691,39.57
2022-01-27 00:00:00,88270,219517,40.21
2022-01-28 00:00:00,86963,212432,40.94
2022-01-29 00:00:00,60432,104777,57.68
2022-01-30 00:00:00,59660,107843,55.32
2022-01-31 00:00:00,88978,210749,42.22
2022-02-01 00:00:00,95472,230054,41.5
2022-02-02 00:00:00,92188,225906,40.81
2022-02-03 00:00:00,95921,224873,42.66
2022-02-04 00:00:00,92376,220372,41.92
2022-02-05 00:00:00,58828,106164,55.41
2022-02-06 00:00:00,58068,103820,55.93
2022-02-07 00:00:00,98492,220830,44.6
2022-02-08 00:00:00,100547,229398,43.83
2022-02-09 00:00:00,102136,230611,44.29
2022-02-10 00:00:00,102366,226381,45.22
2022-02-11 00:00:00,98638,219108,45.02
2022-02-12 00:00:00,64919,107166,60.58
2022-02-13 00:00:00,63455,106194,59.75
2022-02-14 00:00:00,107250,221136,48.5
2022-02-15 00:00:00,115527,242587,47.62
2022-02-16 00:00:00,108426,234511,46.23
2022-02-17 00:00:00,78281,228469,34.26
2022-02-18 00:00:00,84277,224718,37.5
2022-02-19 00:00:00,61269,108204,56.62
2022-02-20 00:00:00,58531,107434,54.48
2022-02-21 00:00:00,89520,207552,43.13
2022-02-22 00:00:00,96989,234395,41.38
2022-02-23 00:00:00,99679,235462,42.33
2022-02-24 00:00:00,97218,225569,43.1
2022-02-25 00:00:00,93846,225662,41.59
2022-02-26 00:00:00,65130,114312,56.98
2022-02-27 00:00:00,62851,110029,57.12
2022-02-28 00:00:00,100535,228760,43.95
2022-03-01 00:00:00,107724,244439,44.07
2022-03-02 00:00:00,108768,257211,42.29
2022-03-03 00:00:00,110663,243457,45.45
2022-03-04 00:00:00,97069,236623,41.02
2022-03-05 00:00:00,64780,121918,53.13
2022-03-06 00:00:00,61652,115700,53.29
2022-03-07 00:00:00,97755,240465,40.65
2022-03-08 00:00:00,103957,258842,40.16
2022-03-09 00:00:00,104215,254341,40.97
2022-03-10 00:00:00,102659,262730,39.07
2022-03-11 00:00:00,99503,249352,39.9
2022-03-12 00:00:00,65586,118413,55.39
2022-03-13 00:00:00,63626,116907,54.42
2022-03-14 00:00:00,102128,250132,40.83
2022-03-15 00:00:00,111696,259237,43.09
2022-03-16 00:00:00,109380,253586,43.13
2022-03-17 00:00:00,103252,239075,43.19
2022-03-18 00:00:00,98223,232036,42.33
2022-03-19 00:00:00,68870,112499,61.22
2022-03-20 00:00:00,64997,109610,59.3
2022-03-21 00:00:00,103136,236217,43.66
2022-03-22 00:00:00,90726,242722,37.38
2022-03-23 00:00:00,89414,245013,36.49
2022-03-24 00:00:00,92643,242153,38.26
2022-03-25 00:00:00,88085,225229,39.11
2022-03-26 00:00:00,66713,112674,59.21
2022-03-27 00:00:00,51355,98930,51.91
2022-03-28 00:00:00,100048,233012,42.94
2022-03-29 00:00:00,104364,250033,41.74
2022-03-30 00:00:00,104941,247544,42.39
2022-03-31 00:00:00,98298,225443,43.6
2022-04-01 00:00:00,109750,236196,46.47
2022-04-02 00:00:00,67056,102338,65.52
2022-04-03 00:00:00,56331,98489,57.2
2022-04-04 00:00:00,111694,239307,46.67
2022-04-05 00:00:00,112444,247501,45.43
2022-04-06 00:00:00,104753,239615,43.72
2022-04-07 00:00:00,111094,248076,44.78
2022-04-08 00:00:00,117102,234953,49.84
2022-04-09 00:00:00,58079,101277,57.35
2022-04-10 00:00:00,59156,105410,56.12
2022-04-11 00:00:00,105008,232882,45.09
2022-04-12 00:00:00,99186,237148,41.82
2022-04-13 00:00:00,104679,234184,44.7
2022-04-14 00:00:00,101837,223758,45.51
2022-04-15 00:00:00,97805,171633,56.98
2022-04-16 00:00:00,57911,90798,63.78
2022-04-17 00:00:00,63087,98629,63.96
2022-04-18 00:00:00,95194,185781,51.24
2022-04-19 00:00:00,116317,240063,48.45
2022-04-20 00:00:00,127832,251774,50.77
2022-04-21 00:00:00,117976,237693,49.63
2022-04-22 00:00:00,120676,228992,52.7
2022-04-23 00:00:00,61884,99406,62.25
2022-04-24 00:00:00,61816,101451,60.93
2022-04-25 00:00:00,115466,231949,49.78
2022-04-26 00:00:00,118410,246593,48.02
2022-04-27 00:00:00,121817,239038,50.96
2022-04-28 00:00:00,126904,248638,51.04
2022-04-29 00:00:00,133132,237269,56.11
2022-04-30 00:00:00,69270,107399,64.5
2022-05-01 00:00:00,81002,124503,65.06
2022-05-02 00:00:00,121623,218597,55.64
2022-05-03 00:00:00,144458,253658,56.95
2022-05-04 00:00:00,128675,241388,53.31
2022-05-05 00:00:00,128143,243744,52.57
2022-05-06 00:00:00,91613,239195,38.3
2022-05-07 00:00:00,63700,133310,47.78
2022-05-08 00:00:00,70675,125616,56.26
2022-05-09 00:00:00,103908,256031,40.58
2022-05-10 00:00:00,12008,271670,4.42
2022-05-11 00:00:00,104813,272738,38.43
2022-05-12 00:00:00,100766,259912,38.77
2022-05-13 00:00:00,98470,248694,39.59
2022-05-14 00:00:00,60599,126996,47.72
2022-05-15 00:00:00,64853,123104,52.68
2022-05-16 00:00:00,102215,263380,38.81
2022-05-17 00:00:00,103874,279009,37.23
2022-05-18 00:00:00,106307,278163,38.22
2022-05-19 00:00:00,113571,280424,40.5
2022-05-20 00:00:00,110573,260241,42.49
2022-05-21 00:00:00,75267,134031,56.16
2022-05-22 00:00:00,79592,128885,61.75
2022-05-23 00:00:00,129594,279233,46.41
2022-05-24 00:00:00,149820,313675,47.76
2022-05-25 00:00:00,136275,299606,45.48
2022-05-26 00:00:00,137139,279121,49.13
2022-05-27 00:00:00,122487,250527,48.89
2022-05-28 00:00:00,84333,139508,60.45
2022-05-29 00:00:00,84585,134853,62.72
2022-05-30 00:00:00,123729,249712,49.55
2022-05-31 00:00:00,150668,307799,48.95
2022-06-01 00:00:00,146011,309457,47.18
2022-06-02 00:00:00,138235,295819,46.73
2022-06-03 00:00:00,139776,275419,50.75
2022-06-04 00:00:00,103125,169255,60.93
2022-06-05 00:00:00,100327,144468,69.45
2022-06-06 00:00:00,146860,276777,53.06
2022-06-07 00:00:00,165747,323702,51.2
2022-06-08 00:00:00,167747,327481,51.22
2022-06-09 00:00:00,160119,325666,49.17
2022-06-10 00:00:00,136394,272820,49.99
2022-06-11 00:00:00,88843,144427,61.51
2022-06-12 00:00:00,91998,156059,58.95
2022-06-13 00:00:00,143937,286651,50.21
2022-06-14 00:00:00,144499,295459,48.91
2022-06-15 00:00:00,146852,300274,48.91
2022-06-16 00:00:00,136710,279951,48.83
2022-06-17 00:00:00,130282,263769,49.39
2022-06-18 00:00:00,85272,153110,55.69
2022-06-19 00:00:00,85602,131472,65.11
2022-06-20 00:00:00,133395,255324,52.25
2022-06-21 00:00:00,144759,293862,49.26
2022-06-22 00:00:00,147390,306383,48.11
2022-06-23 00:00:00,152481,304708,50.04
2022-06-24 00:00:00,140059,284067,49.3
2022-06-25 00:00:00,89920,148647,60.49
2022-06-26 00:00:00,91845,144912,63.38
2022-06-27 00:00:00,151751,295973,51.27
2022-06-28 00:00:00,146587,301759,48.58
2022-06-29 00:00:00,144572,297696,48.56
2022-06-30 00:00:00,139632,287822,48.51
2022-07-01 00:00:00,127100,250336,50.77
2022-07-02 00:00:00,76705,140336,54.66
2022-07-03 00:00:00,84446,144401,58.48
2022-07-04 00:00:00,115923,221779,52.27
2022-07-05 00:00:00,146198,281814,51.88
2022-07-06 00:00:00,148395,287906,51.54
2022-07-07 00:00:00,144390,288195,50.1
2022-07-08 00:00:00,136920,269984,50.71
2022-07-09 00:00:00,84838,132064,64.24
2022-07-10 00:00:00,85323,127636,66.85
2022-07-11 00:00:00,148635,290039,51.25
2022-07-12 00:00:00,153960,310995,49.51
2022-07-13 00:00:00,151623,305810,49.58
2022-07-14 00:00:00,118902,304318,39.07
2022-07-15 00:00:00,113290,281769,40.21
2022-07-16 00:00:00,81082,151295,53.59
2022-07-17 00:00:00,80076,132563,60.41
2022-07-18 00:00:00,120749,296557,40.72
2022-07-19 00:00:00,128752,325709,39.53
2022-07-20 00:00:00,130410,312587,41.72
2022-07-21 00:00:00,133626,309911,43.12
2022-07-22 00:00:00,120491,283421,42.51
2022-07-23 00:00:00,82990,160392,51.74
2022-07-24 00:00:00,81380,139705,58.25
2022-07-25 00:00:00,129503,311677,41.55
2022-07-26 00:00:00,139233,324913,42.85
2022-07-27 00:00:00,143673,332876,43.16
2022-07-28 00:00:00,139088,321582,43.25
2022-07-29 00:00:00,132278,304663,43.42
2022-07-30 00:00:00,80133,142063,56.41
2022-07-31 00:00:00,82981,143077,58.0
2022-08-01 00:00:00,133483,305125,43.75
2022-08-02 00:00:00,143791,355213,40.48
2022-08-03 00:00:00,144064,334228,43.1
2022-08-04 00:00:00,141144,317584,44.44
2022-08-05 00:00:00,131767,300316,43.88
2022-08-06 00:00:00,82629,155796,53.04
2022-08-07 00:00:00,85047,147256,57.75
2022-08-08 00:00:00,142028,311872,45.54
2022-08-09 00:00:00,140344,329730,42.56
2022-08-10 00:00:00,145494,335484,43.37
2022-08-11 00:00:00,136041,312947,43.47
2022-08-12 00:00:00,127315,300589,42.36
2022-08-13 00:00:00,84366,152913,55.17
2022-08-14 00:00:00,82630,140918,58.64
2022-08-15 00:00:00,123988,269021,46.09
2022-08-16 00:00:00,150615,327234,46.03
2022-08-17 00:00:00,151716,324539,46.75
2022-08-18 00:00:00,130907,308451,42.44
2022-08-19 00:00:00,121484,289764,41.93
2022-08-20 00:00:00,63663,151098,42.13
2022-08-21 00:00:00,65671,145143,45.25
2022-08-22 00:00:00,133044,304735,43.66
2022-08-23 00:00:00,98681,324674,30.39
2022-08-24 00:00:00,101021,311799,32.4
2022-08-25 00:00:00,104580,319820,32.7
2022-08-26 00:00:00,70736,314174,22.51
2022-08-27 00:00:00,57658,149634,38.53
2022-08-28 00:00:00,59218,141576,41.83
2022-08-29 00:00:00,107517,316239,34.0
2022-08-30 00:00:00,119069,346922,34.32
2022-08-31 00:00:00,126596,347706,36.41
2022-09-01 00:00:00,122825,356959,34.41
2022-09-02 00:00:00,111401,323835,34.4
2022-09-03 00:00:00,72727,176768,41.14
2022-09-04 00:00:00,61573,159957,38.49
2022-09-05 00:00:00,111348,295901,37.63
2022-09-06 00:00:00,121376,350047,34.67
2022-09-07 00:00:00,129396,385954,33.53
2022-09-08 00:00:00,129519,378377,34.23
2022-09-09 00:00:00,126490,344116,36.76
2022-09-10 00:00:00,84340,170497,49.47
2022-09-11 00:00:00,58133,174561,33.3
2022-09-12 00:00:00,130555,363960,35.87
2022-09-13 00:00:00,127368,373698,34.08
2022-09-14 00:00:00,106785,394101,27.1
2022-09-15 00:00:00,69026,393815,17.53
2022-09-16 00:00:00,110378,356081,31.0
2022-09-17 00:00:00,72277,180038,40.15
2022-09-18 00:00:00,72462,174834,41.45
2022-09-19 00:00:00,117357,348339,33.69
2022-09-20 00:00:00,126361,384025,32.9
2022-09-21 00:00:00,132853,388885,34.16
2022-09-22 00:00:00,127411,375912,33.89
2022-09-23 00:00:00,119236,360079,33.11
2022-09-24 00:00:00,70112,171557,40.87
2022-09-25 00:00:00,72209,163284,44.22
2022-09-26 00:00:00,128248,366855,34.96
2022-09-27 00:00:00,140677,383573,36.68
2022-09-28 00:00:00,142821,386361,36.97
2022-09-29 00:00:00,152952,412499,37.08
2022-09-30 00:00:00,142703,375082,38.05
2022-10-01 00:00:00,89113,192316,46.34
2022-10-02 00:00:00,83094,188973,43.97
2022-10-03 00:00:00,148625,375456,39.59
2022-10-04 00:00:00,156838,406309,38.6
2022-10-05 00:00:00,181026,412547,43.88
2022-10-06 00:00:00,184393,434927,42.4
2022-10-07 00:00:00,172784,403096,42.86
2022-10-08 00:00:00,116464,224832,51.8
2022-10-09 00:00:00,122868,215951,56.9
2022-10-10 00:00:00,189501,374199,50.64
2022-10-11 00:00:00,187840,410592,45.75
2022-10-12 00:00:00,187439,422120,44.4
2022-10-13 00:00:00,200999,445952,45.07
2022-10-14 00:00:00,179943,395891,45.45
2022-10-15 00:00:00,131801,225369,58.48
2022-10-16 00:00:00,123183,213188,57.78
2022-10-17 00:00:00,210287,435454,48.29
2022-10-18 00:00:00,212844,449414,47.36
2022-10-19 00:00:00,219101,444896,49.25
2022-10-20 00:00:00,219584,451994,48.58
2022-10-21 00:00:00,199874,397056,50.34
2022-10-22 00:00:00,132072,219621,60.14
2022-10-23 00:00:00,134544,222399,60.5
2022-10-24 00:00:00,204946,396910,51.64
2022-10-25 00:00:00,219184,431100,50.84
2022-10-26 00:00:00,216331,424609,50.95
2022-10-27 00:00:00,207113,408744,50.67
2022-10-28 00:00:00,191998,392089,48.97
2022-10-29 00:00:00,119366,219946,54.27
2022-10-30 00:00:00,116039,200641,57.83
2022-10-31 00:00:00,210294,412259,51.01
2022-11-01 00:00:00,200297,394157,50.82
2022-11-02 00:00:00,203437,419202,48.53
2022-11-03 00:00:00,190105,423947,44.84
2022-11-04 00:00:00,166237,398889,41.68
2022-11-05 00:00:00,105046,213771,49.14
2022-11-06 00:00:00,103218,202442,50.99
2022-11-07 00:00:00,149894,398767,37.59
2022-11-08 00:00:00,159581,416044,38.36
2022-11-09 00:00:00,162324,411937,39.41
2022-11-10 00:00:00,158788,413368,38.41
2022-11-11 00:00:00,142035,347300,40.9
2022-11-12 00:00:00,102698,197218,52.07
2022-11-13 00:00:00,96293,193239,49.83
2022-11-14 00:00:00,156850,406791,38.56
2022-11-15 00:00:00,158448,417086,37.99
2022-11-16 00:00:00,162572,430603,37.75
2022-11-17 00:00:00,165640,427424,38.75
2022-11-18 00:00:00,168127,409950,41.01
2022-11-19 00:00:00,102380,208789,49.04
2022-11-20 00:00:00,102837,202664,50.74
2022-11-21 00:00:00,159104,402562,39.52
2022-11-22 00:00:00,158194,408644,38.71
2022-11-23 00:00:00,159572,396105,40.29
2022-11-24 00:00:00,143527,350078,41.0
2022-11-25 00:00:00,136725,325870,41.96
2022-11-26 00:00:00,91859,191970,47.85
2022-11-27 00:00:00,58728,196354,29.91
2022-11-28 00:00:00,151941,414059,36.7
2022-11-29 00:00:00,150093,425215,35.3
2022-11-30 00:00:00,153622,428358,35.86
2022-12-01 00:00:00,158242,429749,36.82
2022-12-02 00:00:00,142235,396650,35.86
2022-12-03 00:00:00,98871,204171,48.43
2022-12-04 00:00:00,96074,193644,49.61
2022-12-05 00:00:00,156820,397977,39.4
2022-12-06 00:00:00,171877,463319,37.1
2022-12-07 00:00:00,175429,460754,38.07
2022-12-08 00:00:00,181194,455756,39.76
2022-12-09 00:00:00,161053,419983,38.35
2022-12-10 00:00:00,88450,201338,43.93
2022-12-11 00:00:00,82411,188326,43.76
2022-12-12 00:00:00,152847,412643,37.04
2022-12-13 00:00:00,158766,435686,36.44
2022-12-14 00:00:00,159486,433042,36.83
2022-12-15 00:00:00,151724,413238,36.72
2022-12-16 00:00:00,132942,369193,36.01
2022-12-17 00:00:00,75890,182184,41.66
2022-12-18 00:00:00,70665,173267,40.78
2022-12-19 00:00:00,140357,376566,37.27
2022-12-20 00:00:00,143491,400994,35.78
2022-12-21 00:00:00,147349,399074,36.92
2022-12-22 00:00:00,144207,391940,36.79
2022-12-23 00:00:00,108681,309781,35.08
2022-12-24 00:00:00,64503,162491,39.7
2022-12-25 00:00:00,59210,154171,38.41
2022-12-26 00:00:00,88865,223318,39.79
2022-12-27 00:00:00,102109,267282,38.2
2022-12-28 00:00:00,104005,271311,38.33
2022-12-29 00:00:00,102543,279382,36.7
2022-12-30 00:00:00,93400,251900,37.08
2022-12-31 00:00:00,63846,154379,41.36
2023-01-01 00:00:00,68337,170019,40.19
2023-01-02 00:00:00,102195,265592,38.48
2023-01-03 00:00:00,141532,358509,39.48
2023-01-04 00:00:00,148081,397071,37.29
2023-01-05 00:00:00,146925,392789,37.41
2023-01-06 00:00:00,144578,405483,35.66
2023-01-07 00:00:00,58265,181886,32.03
2023-01-08 00:00:00,70179,174070,40.32
2023-01-09 00:00:00,135945,427770,31.78
2023-01-10 00:00:00,146222,450291,32.47
2023-01-11 00:00:00,152856,458912,33.31
2023-01-12 00:00:00,161595,470396,34.35
2023-01-13 00:00:00,139990,410464,34.11
2023-01-14 00:00:00,82405,197605,41.7
2023-01-15 00:00:00,93649,225758,41.48
2023-01-16 00:00:00,143711,390060,36.84
2023-01-17 00:00:00,162307,460327,35.26
2023-01-18 00:00:00,189359,513186,36.9
2023-01-19 00:00:00,171198,470653,36.37
2023-01-20 00:00:00,165454,446650,37.04
2023-01-21 00:00:00,92261,197749,46.66
2023-01-22 00:00:00,82882,192118,43.14
2023-01-23 00:00:00,162115,431914,37.53
2023-01-24 00:00:00,165657,451106,36.72
2023-01-25 00:00:00,165040,444510,37.13
2023-01-26 00:00:00,156132,412895,37.81
2023-01-27 00:00:00,188695,490463,38.47
2023-01-28 00:00:00,121593,281105,43.26
2023-01-29 00:00:00,106826,232782,45.89
2023-01-30 00:00:00,191831,480713,39.91
2023-01-31 00:00:00,214595,537642,39.91
2023-02-01 00:00:00,203306,505120,40.25
2023-02-02 00:00:00,195297,490230,39.84
2023-02-03 00:00:00,179462,444328,40.39
2023-02-04 00:00:00,103577,215769,48.0
2023-02-05 00:00:00,105086,218062,48.19
2023-02-06 00:00:00,203092,483847,41.97
2023-02-07 00:00:00,211139,508449,41.53
2023-02-08 00:00:00,131489,548120,23.99
2023-02-09 00:00:00,185937,562832,33.04
2023-02-10 00:00:00,128317,532082,24.12
2023-02-11 00:00:00,99358,272917,36.41
2023-02-12 00:00:00,97375,271419,35.88
2023-02-13 00:00:00,153022,566129,27.03
2023-02-14 00:00:00,69669,593254,11.74
2023-02-15 00:00:00,155984,619719,25.17
2023-02-16 00:00:00,178403,699963,25.49
2023-02-17 00:00:00,163436,631308,25.89
2023-02-18 00:00:00,86370,241634,35.74
2023-02-19 00:00:00,84175,242474,34.72
2023-02-20 00:00:00,155135,495927,31.28
2023-02-21 00:00:00,167085,564359,29.61
2023-02-22 00:00:00,174910,631888,27.68
2023-02-23 00:00:00,172462,594790,29.0
2023-02-24 00:00:00,161508,568383,28.42
2023-02-25 00:00:00,82331,251145,32.78
2023-02-26 00:00:00,77823,248294,31.34
2023-02-27 00:00:00,166753,565699,29.48
2023-02-28 00:00:00,177098,633483,27.96
2023-03-01 00:00:00,180642,641074,28.18
2023-03-02 00:00:00,171560,595770,28.8
2023-03-03 00:00:00,158746,554860,28.61
2023-03-04 00:00:00,89078,286456,31.1
2023-03-05 00:00:00,94601,285090,33.18
2023-03-06 00:00:00,197041,659853,29.86
2023-03-07 00:00:00,162068,719819,22.52
2023-03-08 00:00:00,145057,628676,23.07
2023-03-09 00:00:00,155288,640856,24.23
2023-03-10 00:00:00,121760,603411,20.18
2023-03-11 00:00:00,81752,272935,29.95
2023-03-12 00:00:00,120749,330767,36.51
2023-03-13 00:00:00,191790,655264,29.27
2023-03-14 00:00:00,210521,700976,30.03
2023-03-15 00:00:00,223653,757413,29.53
2023-03-16 00:00:00,196668,611271,32.17
2023-03-17 00:00:00,193065,606844,31.81
2023-03-18 00:00:00,100859,278809,36.17
2023-03-19 00:00:00,77301,307067,25.17
2023-03-20 00:00:00,147027,671745,21.89
2023-03-21 00:00:00,149364,721931,20.69
2023-03-22 00:00:00,146807,698273,21.02
2023-03-23 00:00:00,156904,657844,23.85
2023-03-24 00:00:00,142273,599778,23.72
2023-03-25 00:00:00,79676,257178,30.98
2023-03-26 00:00:00,77205,256786,30.07
2023-03-27 00:00:00,150657,620300,24.29
2023-03-28 00:00:00,170020,702679,24.2
2023-03-29 00:00:00,174235,694279,25.1
2023-03-30 00:00:00,172488,668767,25.79
2023-03-31 00:00:00,154377,596365,25.89
2023-04-01 00:00:00,83673,291078,28.75
2023-04-02 00:00:00,86105,282421,30.49
2023-04-03 00:00:00,171089,732713,23.35
2023-04-04 00:00:00,186182,702916,26.49
2023-04-05 00:00:00,182887,714000,25.61
2023-04-06 00:00:00,167897,680994,24.65
2023-04-07 00:00:00,132387,544734,24.3
2023-04-08 00:00:00,81058,290305,27.92
2023-04-09 00:00:00,86780,299209,29.0
2023-04-10 00:00:00,151781,566744,26.78
2023-04-11 00:00:00,185702,735748,25.24
2023-04-12 00:00:00,179677,676988,26.54
2023-04-13 00:00:00,190055,648806,29.29
2023-04-14 00:00:00,183312,595877,30.76
2023-04-15 00:00:00,92769,275360,33.69
2023-04-16 00:00:00,88954,263058,33.82
2023-04-17 00:00:00,209962,640680,32.77
2023-04-18 00:00:00,215445,676806,31.83
2023-04-19 00:00:00,229981,695780,33.05
2023-04-20 00:00:00,224696,661231,33.98
2023-04-21 00:00:00,188684,559851,33.7
2023-04-22 00:00:00,100410,267660,37.51
2023-04-23 00:00:00,100863,268770,37.53
2023-04-24 00:00:00,206485,598503,34.5
2023-04-25 00:00:00,212370,611373,34.74
2023-04-26 00:00:00,223021,654701,34.06
2023-04-27 00:00:00,215175,629499,34.18
2023-04-28 00:00:00,207157,657235,31.52
2023-04-29 00:00:00,94910,256645,36.98
2023-04-30 00:00:00,95957,255249,37.59
2023-05-01 00:00:00,169320,502912,33.67
2023-05-02 00:00:00,222222,637259,34.87
2023-05-03 00:00:00,219226,608039,36.05
2023-05-04 00:00:00,234294,665495,35.21
2023-05-05 00:00:00,222489,675505,32.94
2023-05-06 00:00:00,112065,293756,38.15
2023-05-07 00:00:00,113297,292681,38.71
2023-05-08 00:00:00,213978,581339,36.81
2023-05-09 00:00:00,224700,633427,35.47
2023-05-10 00:00:00,234693,663471,35.37
2023-05-11 00:00:00,238329,660364,36.09
2023-05-12 00:00:00,210300,580098,36.25
2023-05-13 00:00:00,101189,259012,39.07
2023-05-14 00:00:00,110657,270659,40.88
2023-05-15 00:00:00,238112,600513,39.65
2023-05-16 00:00:00,398370,798306,49.9
2023-05-17 00:00:00,345122,752723,45.85
2023-05-18 00:00:00,233832,612752,38.16
2023-05-19 00:00:00,221665,593158,37.37
2023-05-20 00:00:00,107833,264898,40.71
2023-05-21 00:00:00,115352,275457,41.88
2023-05-22 00:00:00,258578,652004,39.66
2023-05-23 00:00:00,279794,706591,39.6
2023-05-24 00:00:00,266213,666201,39.96
2023-05-25 00:00:00,266315,662436,40.2
2023-05-26 00:00:00,228936,572770,39.97
2023-05-27 00:00:00,106937,251260,42.56
2023-05-28 00:00:00,116111,270058,42.99
2023-05-29 00:00:00,186383,412479,45.19
2023-05-30 00:00:00,277732,692353,40.11
2023-05-31 00:00:00,275064,656764,41.88
2023-06-01 00:00:00,280625,710311,39.51
2023-06-02 00:00:00,247696,639343,38.74
2023-06-03 00:00:00,79656,255725,31.15
2023-06-04 00:00:00,99571,299174,33.28
2023-06-05 00:00:00,181959,716872,25.38
2023-06-06 00:00:00,181084,737206,24.56
2023-06-07 00:00:00,179435,658174,27.26
2023-06-08 00:00:00,180103,671558,26.82
2023-06-09 00:00:00,161642,587844,27.5
2023-06-10 00:00:00,101437,251076,40.4
2023-06-11 00:00:00,104965,268674,39.07
2023-06-12 00:00:00,173030,623853,27.74
2023-06-13 00:00:00,178163,692260,25.74
2023-06-14 00:00:00,179002,692959,25.83
2023-06-15 00:00:00,184835,686540,26.92
2023-06-16 00:00:00,157296,584154,26.93
2023-06-17 00:00:00,86717,240071,36.12
2023-06-18 00:00:00,90963,246684,36.87
2023-06-19 00:00:00,164181,488167,33.63
2023-06-20 00:00:00,182363,638356,28.57
2023-06-21 00:00:00,188225,666878,28.22
2023-06-22 00:00:00,149595,596659,25.07
2023-06-23 00:00:00,144734,590824,24.5
2023-06-24 00:00:00,79839,235645,33.88
2023-06-25 00:00:00,90862,248080,36.63
2023-06-26 00:00:00,173502,620870,27.94
2023-06-27 00:00:00,182813,682793,26.77
2023-06-28 00:00:00,184475,660053,27.95
2023-06-29 00:00:00,176860,614008,28.8
2023-06-30 00:00:00,147341,622460,23.67
2023-07-01 00:00:00,87621,257251,34.06
2023-07-02 00:00:00,88082,283581,31.06
2023-07-03 00:00:00,164109,592386,27.7
2023-07-04 00:00:00,158631,537387,29.52
2023-07-05 00:00:00,179034,663174,27.0
2023-07-06 00:00:00,198144,771486,25.68
2023-07-07 00:00:00,159262,706731,22.54
2023-07-08 00:00:00,92955,255557,36.37
2023-07-09 00:00:00,99153,257754,38.47
2023-07-10 00:00:00,180396,721208,25.01
2023-07-11 00:00:00,176935,747328,23.68
2023-07-12 00:00:00,168230,735044,22.89
2023-07-13 00:00:00,171183,698502,24.51
2023-07-14 00:00:00,146659,610645,24.02
2023-07-15 00:00:00,92012,277293,33.18
2023-07-16 00:00:00,104138,290351,35.87
2023-07-17 00:00:00,206650,767226,26.93
2023-07-18 00:00:00,221964,871018,25.48
2023-07-19 00:00:00,212136,778162,27.26
2023-07-20 00:00:00,218762,800748,27.32
2023-07-21 00:00:00,193396,679407,28.47
2023-07-22 00:00:00,106146,292358,36.31
2023-07-23 00:00:00,111236,287212,38.73
2023-07-24 00:00:00,227520,721763,31.52
2023-07-25 00:00:00,236030,761593,30.99
2023-07-26 00:00:00,232117,776420,29.9
2023-07-27 00:00:00,239676,775734,30.9
2023-07-28 00:00:00,234117,757010,30.93
2023-07-29 00:00:00,121947,351917,34.65
2023-07-30 00:00:00,138533,362517,38.21
2023-07-31 00:00:00,277589,793904,34.97
2023-08-01 00:00:00,288771,927262,31.14
2023-08-02 00:00:00,290235,858926,33.79
2023-08-03 00:00:00,281828,891574,31.61
2023-08-04 00:00:00,235120,734849,32.0
2023-08-05 00:00:00,102974,350966,29.34
2023-08-06 00:00:00,100717,356914,28.22
2023-08-07 00:00:00,199093,793586,25.09
2023-08-08 00:00:00,213107,879662,24.23
2023-08-09 00:00:00,222744,866178,25.72
2023-08-10 00:00:00,212532,857867,24.77
2023-08-11 00:00:00,187255,717484,26.1
2023-08-12 00:00:00,107152,325972,32.87
2023-08-13 00:00:00,107288,335157,32.01
2023-08-14 00:00:00,238243,809469,29.43
2023-08-15 00:00:00,216334,821340,26.34
2023-08-16 00:00:00,239012,862654,27.71
2023-08-17 00:00:00,261586,943623,27.72
2023-08-18 00:00:00,216853,773860,28.02
2023-08-19 00:00:00,106054,308827,34.34
2023-08-20 00:00:00,105704,318190,33.22
2023-08-21 00:00:00,245932,896539,27.43
2023-08-22 00:00:00,257077,1012033,25.4
2023-08-23 00:00:00,250367,909605,27.52
2023-08-24 00:00:00,255333,982281,25.99
2023-08-25 00:00:00,200387,851494,23.53
2023-08-26 00:00:00,84065,338536,24.83
2023-08-27 00:00:00,102721,335572,30.61
2023-08-28 00:00:00,216854,916085,23.67
2023-08-29 00:00:00,235697,1053906,22.36
2023-08-30 00:00:00,227410,827469,27.48
2023-08-31 00:00:00,234857,841917,27.9
2023-09-01 00:00:00,206143,695173,29.65
2023-09-02 00:00:00,113390,356606,31.8
2023-09-03 00:00:00,116067,332857,34.87
2023-09-04 00:00:00,228459,663113,34.45
2023-09-05 00:00:00,269425,795736,33.86
2023-09-06 00:00:00,281080,884592,31.78
2023-09-07 00:00:00,271726,912717,29.77
2023-09-08 00:00:00,265716,824363,32.23
2023-09-09 00:00:00,168467,402990,41.8
2023-09-10 00:00:00,154583,389467,39.69
2023-09-11 00:00:00,260235,826547,31.48
2023-09-12 00:00:00,296727,964314,30.77
2023-09-13 00:00:00,282256,888044,31.78
2023-09-14 00:00:00,277269,914970,30.3
2023-09-15 00:00:00,257128,824191,31.2
2023-09-16 00:00:00,136424,373660,36.51
2023-09-17 00:00:00,122387,327672,37.35
2023-09-18 00:00:00,265399,801025,33.13
2023-09-19 00:00:00,282502,829864,34.04
2023-09-20 00:00:00,295158,883929,33.39
2023-09-21 00:00:00,309648,923877,33.52
2023-09-22 00:00:00,257127,756773,33.98
2023-09-23 00:00:00,127380,383177,33.24
2023-09-24 00:00:00,117591,337907,34.8
2023-09-25 00:00:00,292253,868124,33.66
2023-09-26 00:00:00,323387,935178,34.58
2023-09-27 00:00:00,293090,893255,32.81
2023-09-28 00:00:00,290982,872405,33.35
2023-09-29 00:00:00,289185,811522,35.63
2023-09-30 00:00:00,127985,321250,39.84
2023-10-01 00:00:00,132264,331733,39.87
2023-10-02 00:00:00,304735,846733,35.99
2023-10-03 00:00:00,335157,935404,35.83
2023-10-04 00:00:00,347457,947063,36.69
2023-10-05 00:00:00,323612,901009,35.92
2023-10-06 00:00:00,290152,805492,36.02
2023-10-07 00:00:00,135586,332306,40.8
2023-10-08 00:00:00,129677,351026,36.94
2023-10-09 00:00:00,294100,805191,36.53
2023-10-10 00:00:00,335955,825512,40.7
2023-10-11 00:00:00,336019,808755,41.55
2023-10-12 00:00:00,360188,830246,43.38
2023-10-13 00:00:00,316804,754724,41.98
2023-10-14 00:00:00,141923,357846,39.66
2023-10-15 00:00:00,137433,361440,38.02
2023-10-16 00:00:00,334183,804748,41.53
2023-10-17 00:00:00,346469,837262,41.38
2023-10-18 00:00:00,266261,905113,29.42
2023-10-19 00:00:00,234146,865205,27.06
2023-10-20 00:00:00,220051,767195,28.68
2023-10-21 00:00:00,112453,351402,32.0
2023-10-22 00:00:00,108496,345992,31.36
2023-10-23 00:00:00,237324,805913,29.45
2023-10-24 00:00:00,238629,830265,28.74
2023-10-25 00:00:00,247407,839685,29.46
2023-10-26 00:00:00,263538,865934,30.43
2023-10-27 00:00:00,224333,744789,30.12
2023-10-28 00:00:00,124067,348554,35.59
2023-10-29 00:00:00,110644,341077,32.44
2023-10-30 00:00:00,274747,840859,32.67
2023-10-31 00:00:00,301053,881117,34.17
2023-11-01 00:00:00,308228,881745,34.96
2023-11-02 00:00:00,322783,967322,33.37
2023-11-03 00:00:00,298086,922238,32.32
2023-11-04 00:00:00,170195,525008,32.42
2023-11-05 00:00:00,155408,508340,30.57
2023-11-06 00:00:00,333502,1001477,33.3
2023-11-07 00:00:00,357216,1070986,33.35
2023-11-08 00:00:00,339317,1028377,33.0
2023-11-09 00:00:00,347560,1042349,33.34
2023-11-10 00:00:00,278750,882376,31.59
2023-11-11 00:00:00,156236,537981,29.04
2023-11-12 00:00:00,130580,522300,25.0
2023-11-13 00:00:00,309595,1012059,30.59
2023-11-14 00:00:00,334087,1041420,32.08
2023-11-15 00:00:00,349360,1056175,33.08
2023-11-16 00:00:00,362455,1059225,34.22
2023-11-17 00:00:00,323174,979834,32.98
2023-11-18 00:00:00,147412,529164,27.86
2023-11-19 00:00:00,134718,505196,26.67
2023-11-20 00:00:00,326744,997649,32.75
2023-11-21 00:00:00,374260,1069676,34.99
2023-11-22 00:00:00,355324,1031846,34.44
2023-11-23 00:00:00,317849,921904,34.48
2023-11-24 00:00:00,281500,842087,33.43
2023-11-25 00:00:00,163170,498563,32.73
2023-11-26 00:00:00,159353,529121,30.12
2023-11-27 00:00:00,354725,1001319,35.43
2023-11-28 00:00:00,378145,1082814,34.92
2023-11-29 00:00:00,400817,1082742,37.02
2023-11-30 00:00:00,406333,1110849,36.58
2023-12-01 00:00:00,363986,1015935,35.83
2023-12-02 00:00:00,187267,595500,31.45
2023-12-03 00:00:00,178127,571534,31.17
2023-12-04 00:00:00,395789,1085363,36.47
2023-12-05 00:00:00,431853,1134909,38.05
2023-12-06 00:00:00,401295,1108906,36.19
2023-12-07 00:00:00,407230,1102696,36.93
2023-12-08 00:00:00,381344,1029930,37.03
2023-12-09 00:00:00,183677,585572,31.37
2023-12-10 00:00:00,177421,573425,30.94
2023-12-11 00:00:00,398251,1076153,37.01
2023-12-12 00:00:00,153621,1196025,12.84
2023-12-13 00:00:00,319903,1175869,27.21
2023-12-14 00:00:00,319964,1165786,27.45
2023-12-15 00:00:00,292193,1029836,28.37
2023-12-16 00:00:00,156138,576382,27.09
2023-12-17 00:00:00,149360,591023,25.27
2023-12-18 00:00:00,304234,1080069,28.17
2023-12-19 00:00:00,330206,1127551,29.29
2023-12-20 00:00:00,333153,1129925,29.48
2023-12-21 00:00:00,302370,1067513,28.32
2023-12-22 00:00:00,247492,932863,26.53
2023-12-23 00:00:00,143508,555692,25.83
2023-12-24 00:00:00,128909,538873,23.92
2023-12-25 00:00:00,143578,639539,22.45
2023-12-26 00:00:00,162681,759450,21.42
2023-12-27 00:00:00,228776,850906,26.89
2023-12-28 00:00:00,211088,823437,25.63
2023-12-29 00:00:00,192668,731936,26.32
2023-12-30 00:00:00,130599,537049,24.32
2023-12-31 00:00:00,119131,533011,22.35
2024-01-01 00:00:00,153254,604527,25.35
2024-01-02 00:00:00,244718,973638,25.13
2024-01-03 00:00:00,279996,1072687,26.1
2024-01-04 00:00:00,282917,1078574,26.23
2024-01-05 00:00:00,275579,1003057,27.47
2024-01-06 00:00:00,154112,625094,24.65
2024-01-07 00:00:00,151425,619016,24.46
2024-01-08 00:00:00,292825,1086809,26.94
2024-01-09 00:00:00,316748,1180872,26.82
2024-01-10 00:00:00,319958,1202763,26.6
2024-01-11 00:00:00,237478,1216396,19.52
2024-01-12 00:00:00,271128,1102069,24.6
2024-01-13 00:00:00,148636,632462,23.5
2024-01-14 00:00:00,149687,635232,23.56
2024-01-15 00:00:00,270231,1061761,25.45
2024-01-16 00:00:00,332396,1229207,27.04
2024-01-17 00:00:00,338057,1270128,26.62
2024-01-18 00:00:00,323189,1227533,26.33
2024-01-19 00:00:00,308175,1190855,25.88
2024-01-20 00:00:00,162644,742570,21.9
2024-01-21 00:00:00,155025,706595,21.94
2024-01-22 00:00:00,316807,1374250,23.05
2024-01-23 00:00:00,353161,1574020,22.44
2024-01-24 00:00:00,336365,1566340,21.47
2024-01-25 00:00:00,336880,1739302,19.37
2024-01-26 00:00:00,313640,1725230,18.18
2024-01-27 00:00:00,156986,768465,20.43
2024-01-28 00:00:00,162511,767940,21.16
2024-01-29 00:00:00,362560,1767336,20.51
2024-01-30 00:00:00,396813,1965297,20.19
2024-01-31 00:00:00,366521,1851725,19.79
2024-02-01 00:00:00,391569,1880697,20.82
2024-02-02 00:00:00,355519,1749976,20.32
2024-02-03 00:00:00,193224,835391,23.13
2024-02-04 00:00:00,233745,846242,27.62
2024-02-05 00:00:00,553727,2003994,27.63
2024-02-06 00:00:00,539081,1976352,27.28
2024-02-07 00:00:00,555134,2064758,26.89
2024-02-08 00:00:00,508879,1919984,26.5
2024-02-09 00:00:00,487856,1926050,25.33
2024-02-10 00:00:00,222701,877043,25.39
2024-02-11 00:00:00,217441,817051,26.61
2024-02-12 00:00:00,513902,1836175,27.99
2024-02-13 00:00:00,580000,2104026,27.57
2024-02-14 00:00:00,589201,1987868,29.64
2024-02-15 00:00:00,592173,1981755,29.88
2024-02-16 00:00:00,545956,1940688,28.13
2024-02-17 00:00:00,277196,978124,28.34
2024-02-18 00:00:00,300273,934927,32.12
2024-02-19 00:00:00,541130,1740013,31.1
2024-02-20 00:00:00,620673,2118953,29.29
2024-02-21 00:00:00,617010,2125666,29.03
2024-02-22 00:00:00,593991,1970502,30.14
2024-02-23 00:00:00,470095,1248128,37.66
2024-02-24 00:00:00,221806,712161,31.15
2024-02-25 00:00:00,181580,715724,25.37
2024-02-26 00:00:00,355259,1403277,25.32
2024-02-27 00:00:00,374934,1441824,26.0
2024-02-28 00:00:00,363566,1440458,25.24
2024-02-29 00:00:00,367686,1483412,24.79
2024-03-01 00:00:00,349341,1356218,25.76
2024-03-02 00:00:00,184171,787571,23.38
2024-03-03 00:00:00,189373,788887,24.01
2024-03-04 00:00:00,380244,1377880,27.6
2024-03-05 00:00:00,405376,1407805,28.79
2024-03-06 00:00:00,402476,1380689,29.15
2024-03-07 00:00:00,407795,1373923,29.68
2024-03-08 00:00:00,338582,1147212,29.51
2024-03-09 00:00:00,188226,629550,29.9
2024-03-10 00:00:00,182298,643962,28.31
2024-03-11 00:00:00,401968,1304724,30.81
2024-03-12 00:00:00,423477,1414082,29.95
2024-03-13 00:00:00,420385,1424482,29.51
2024-03-14 00:00:00,414885,1383880,29.98
2024-03-15 00:00:00,372161,1223419,30.42
2024-03-16 00:00:00,181464,608182,29.84
2024-03-17 00:00:00,183850,634515,28.97
2024-03-18 00:00:00,403249,1304443,30.91
2024-03-19 00:00:00,428852,1361742,31.49
2024-03-20 00:00:00,428032,1370273,31.24
2024-03-21 00:00:00,424856,1352343,31.42
2024-03-22 00:00:00,368985,1200202,30.74
2024-03-23 00:00:00,169142,582594,29.03
2024-03-24 00:00:00,193546,582059,33.25
2024-03-25 00:00:00,407323,1278511,31.86
2024-03-26 00:00:00,437357,1349767,32.4
2024-03-27 00:00:00,452303,1374345,32.91
2024-03-28 00:00:00,416175,1274435,32.66
2024-03-29 00:00:00,314509,986719,31.87
2024-03-30 00:00:00,177368,593086,29.91
2024-03-31 00:00:00,178383,585740,30.45
2024-04-01 00:00:00,350493,1066866,32.85
2024-04-02 00:00:00,509494,1407450,36.2
2024-04-03 00:00:00,519541,1402682,37.04
2024-04-04 00:00:00,475257,1355638,35.06
2024-04-05 00:00:00,418467,1180191,35.46
2024-04-06 00:00:00,205011,589370,34.78
2024-04-07 00:00:00,224607,646796,34.73
2024-04-08 00:00:00,480906,1298382,37.04
2024-04-09 00:00:00,496007,1325990,37.41
2024-04-10 00:00:00,497987,1341065,37.13
2024-04-11 00:00:00,503565,1340770,37.56
2024-04-12 00:00:00,486808,1276255,38.14
2024-04-13 00:00:00,225162,612913,36.74
2024-04-14 00:00:00,223032,625630,35.65
2024-04-15 00:00:00,516586,1332068,38.78
2024-04-16 00:00:00,530560,1408297,37.67
2024-04-17 00:00:00,539934,1453405,37.15
2024-04-18 00:00:00,511905,1389205,36.85
2024-04-19 00:00:00,508015,1291964,39.32
2024-04-20 00:00:00,236279,628138,37.62
2024-04-21 00:00:00,226441,636039,35.6
2024-04-22 00:00:00,538286,1366494,39.39
2024-04-23 00:00:00,572181,1433738,39.91
2024-04-24 00:00:00,591766,1425250,41.52
2024-04-25 00:00:00,554260,1432710,38.69
2024-04-26 00:00:00,518331,1279452,40.51
2024-04-27 00:00:00,251037,669127,37.52
2024-04-28 00:00:00,245046,643977,38.05
2024-04-29 00:00:00,540383,1345086,40.17
2024-04-30 00:00:00,597346,1406162,42.48
2024-05-01 00:00:00,476685,1164457,40.94
2024-05-02 00:00:00,559550,1407349,39.76
2024-05-03 00:00:00,236309,1315160,17.97
2024-05-04 00:00:00,182398,707731,25.77
2024-05-05 00:00:00,182827,712500,25.66
2024-05-06 00:00:00,355170,1404607,25.29
2024-05-07 00:00:00,399359,1594361,25.05
2024-05-08 00:00:00,365264,1530243,23.87
2024-05-09 00:00:00,338765,1390083,24.37
2024-05-10 00:00:00,330081,1323828,24.93
2024-05-11 00:00:00,180479,742777,24.3
2024-05-12 00:00:00,176225,731586,24.09
2024-05-13 00:00:00,379703,1460309,26.0
2024-05-14 00:00:00,418126,1537560,27.19
2024-05-15 00:00:00,400740,1509129,26.55
2024-05-16 00:00:00,405994,1514411,26.81
2024-05-17 00:00:00,382197,1377800,27.74
2024-05-18 00:00:00,186225,737018,25.27
2024-05-19 00:00:00,194227,755402,25.71
2024-05-20 00:00:00,366488,1391970,26.33
2024-05-21 00:00:00,413169,1568327,26.34
2024-05-22 00:00:00,419454,1594854,26.3
2024-05-23 00:00:00,409237,1551078,26.38
2024-05-24 00:00:00,355036,1380338,25.72
2024-05-25 00:00:00,177336,709235,25.0
2024-05-26 00:00:00,175784,739848,23.76
2024-05-27 00:00:00,330898,1280102,25.85
2024-05-28 00:00:00,404774,1531912,26.42
2024-05-29 00:00:00,424022,1554813,27.27
2024-05-30 00:00:00,402488,1486573,27.07
2024-05-31 00:00:00,380290,1440608,26.4
2024-06-01 00:00:00,192850,759738,25.38
2024-06-02 00:00:00,191078,767633,24.89
2024-06-03 00:00:00,448612,1516411,29.58
2024-06-04 00:00:00,458910,1561307,29.39
2024-06-05 00:00:00,449680,1532956,29.33
2024-06-06 00:00:00,444822,1526615,29.14
2024-06-07 00:00:00,412890,1410443,29.27
2024-06-08 00:00:00,200594,791551,25.34
2024-06-09 00:00:00,195296,788971,24.75
2024-06-10 00:00:00,443438,1522799,29.12
2024-06-11 00:00:00,472505,1585794,29.8
2024-06-12 00:00:00,456302,1560311,29.24
2024-06-13 00:00:00,477507,1607393,29.71
2024-06-14 00:00:00,433055,1456667,29.73
2024-06-15 00:00:00,201300,764640,26.33
2024-06-16 00:00:00,196047,754280,25.99
2024-06-17 00:00:00,489250,1607972,30.43
2024-06-18 00:00:00,507392,1667097,30.44
2024-06-19 00:00:00,436825,1451154,30.1
2024-06-20 00:00:00,493338,1603217,30.77
2024-06-21 00:00:00,470061,1477735,31.81
2024-06-22 00:00:00,208926,786746,26.56
2024-06-23 00:00:00,205337,797365,25.75
2024-06-24 00:00:00,478580,1539055,31.1
2024-06-25 00:00:00,536028,1641834,32.65
2024-06-26 00:00:00,537071,1624553,33.06
2024-06-27 00:00:00,517926,1534441,33.75
2024-06-28 00:00:00,456808,1332162,34.29
2024-06-29 00:00:00,220832,699356,31.58
2024-06-30 00:00:00,214405,694189,30.89
2024-07-01 00:00:00,458144,1402005,32.68
2024-07-02 00:00:00,490065,1575117,31.11
2024-07-03 00:00:00,498958,1534562,32.51
2024-07-04 00:00:00,432243,1466767,29.47
2024-07-05 00:00:00,389412,1327595,29.33
2024-07-06 00:00:00,212809,789313,26.96
2024-07-07 00:00:00,202230,792759,25.51
2024-07-08 00:00:00,542418,1699911,31.91
2024-07-09 00:00:00,531555,1645251,32.31
2024-07-10 00:00:00,532984,1684923,31.63
2024-07-11 00:00:00,535633,1627601,32.91
2024-07-12 00:00:00,478545,1433867,33.37
2024-07-13 00:00:00,211236,794275,26.59
2024-07-14 00:00:00,218410,803879,27.17
2024-07-15 00:00:00,592868,1579319,37.54
2024-07-16 00:00:00,601843,1576765,38.17
2024-07-17 00:00:00,603836,1568187,38.51
2024-07-18 00:00:00,604167,1561821,38.68
2024-07-19 00:00:00,576542,1420595,40.58
2024-07-20 00:00:00,275575,736447,37.42
2024-07-21 00:00:00,269180,722299,37.27
2024-07-22 00:00:00,774599,1812571,42.73
2024-07-23 00:00:00,837887,2003758,41.82
2024-07-24 00:00:00,805394,1916470,42.02
2024-07-25 00:00:00,685831,1777002,38.59
2024-07-26 00:00:00,608625,1623547,37.49
2024-07-27 00:00:00,275730,772612,35.69
2024-07-28 00:00:00,265622,764137,34.76
2024-07-29 00:00:00,647846,1659402,39.04
2024-07-30 00:00:00,684194,1709963,40.01
2024-07-31 00:00:00,651102,1728301,37.67
2024-08-01 00:00:00,647981,1676460,38.65
2024-08-02 00:00:00,332423,1596983,20.82
2024-08-03 00:00:00,226084,782078,28.91
2024-08-04 00:00:00,232320,820215,28.32
2024-08-05 00:00:00,509939,1774798,28.73
2024-08-06 00:00:00,553079,1868279,29.6
2024-08-07 00:00:00,484587,1793252,27.02
2024-08-08 00:00:00,521705,1790330,29.14
2024-08-09 00:00:00,432399,1584108,27.3
2024-08-10 00:00:00,216210,783088,27.61
2024-08-11 00:00:00,222513,808331,27.53
2024-08-12 00:00:00,447157,1643740,27.2
2024-08-13 00:00:00,529051,1770101,29.89
2024-08-14 00:00:00,546281,1722027,31.72
2024-08-15 00:00:00,438664,1508535,29.08
2024-08-16 00:00:00,499242,1475266,33.84
2024-08-17 00:00:00,231859,710626,32.63
2024-08-18 00:00:00,235606,737994,31.93
2024-08-19 00:00:00,506780,1558107,32.53
2024-08-20 00:00:00,537196,1637809,32.8
2024-08-21 00:00:00,517586,1615305,32.04
2024-08-22 00:00:00,534226,1639225,32.59
2024-08-23 00:00:00,476061,1484014,32.08
2024-08-24 00:00:00,269134,754762,35.66
2024-08-25 00:00:00,266865,736944,36.21
2024-08-26 00:00:00,543173,1550643,35.03
2024-08-27 00:00:00,567594,1717660,33.04
2024-08-28 00:00:00,580070,1723303,33.66
2024-08-29 00:00:00,584292,1718776,33.99
2024-08-30 00:00:00,540815,1562956,34.6
2024-08-31 00:00:00,296283,790692,37.47
2024-09-01 00:00:00,317456,826797,38.4
2024-09-02 00:00:00,530494,1437399,36.91
2024-09-03 00:00:00,629362,1721497,36.56
2024-09-04 00:00:00,8970962,10147507,88.41
2024-09-05 00:00:00,4213068,5800946,72.63
2024-09-06 00:00:00,412015,2052656,20.07
2024-09-07 00:00:00,306649,1270911,24.13
2024-09-08 00:00:00,319924,1274205,25.11
2024-09-09 00:00:00,552132,2321655,23.78
2024-09-10 00:00:00,622237,2591911,24.01
2024-09-11 00:00:00,640371,2491469,25.7
2024-09-12 00:00:00,582315,2293247,25.39
2024-09-13 00:00:00,575768,2313703,24.89
2024-09-14 00:00:00,418790,1457292,28.74
2024-09-15 00:00:00,375801,1446339,25.98
2024-09-16 00:00:00,631403,2358050,26.78
2024-09-17 00:00:00,548795,2447427,22.42
2024-09-18 00:00:00,564236,2666705,21.16
2024-09-19 00:00:00,545919,2655044,20.56
2024-09-20 00:00:00,509256,2472252,20.6
2024-09-21 00:00:00,279192,1543236,18.09
2024-09-22 00:00:00,278558,1542611,18.06
2024-09-23 00:00:00,531387,2756129,19.28
2024-09-24 00:00:00,567963,2856036,19.89
2024-09-25 00:00:00,564527,2834155,19.92
2024-09-26 00:00:00,549438,2697420,20.37
2024-09-27 00:00:00,517752,2534709,20.43
2024-09-28 00:00:00,317236,1800726,17.62
2024-09-29 00:00:00,307050,1749097,17.55
2024-09-30 00:00:00,587034,2713970,21.63
2024-10-01 00:00:00,608555,2942016,20.68
2024-10-02 00:00:00,582012,2824530,20.61
2024-10-03 00:00:00,555600,2752829,20.18
2024-10-04 00:00:00,533050,2678119,19.9
2024-10-05 00:00:00,307811,1697953,18.13
2024-10-06 00:00:00,316144,1691283,18.69
2024-10-07 00:00:00,596234,2839807,21.0
2024-10-08 00:00:00,659592,2738535,24.09
2024-10-09 00:00:00,631762,2295596,27.52
2024-10-10 00:00:00,617885,2315796,26.68
2024-10-11 00:00:00,697226,2266292,30.77
2024-10-12 00:00:00,567618,1342767,42.27
2024-10-13 00:00:00,560172,1346009,41.62
2024-10-14 00:00:00,893501,2334718,38.27
2024-10-15 00:00:00,964978,2707435,35.64
2024-10-16 00:00:00,986971,2976321,33.16
2024-10-17 00:00:00,979559,2916579,33.59
2024-10-18 00:00:00,892032,2706385,32.96
2024-10-19 00:00:00,553036,1531122,36.12
2024-10-20 00:00:00,562095,1534626,36.63
2024-10-21 00:00:00,955846,2848867,33.55
2024-10-22 00:00:00,1013666,2845643,35.62
2024-10-23 00:00:00,838839,2480674,33.81
2024-10-24 00:00:00,822365,2531223,32.49
2024-10-25 00:00:00,753366,2306053,32.67
2024-10-26 00:00:00,385009,1382112,27.86
2024-10-27 00:00:00,392000,1427601,27.46
2024-10-28 00:00:00,859098,2505487,34.29
2024-10-29 00:00:00,941739,2836308,33.2
2024-10-30 00:00:00,885371,2580022,34.32
2024-10-31 00:00:00,833529,2402871,34.69
2024-11-01 00:00:00,697677,2008906,34.73
2024-11-02 00:00:00,413248,1390943,29.71
2024-11-03 00:00:00,411417,1360792,30.23
2024-11-04 00:00:00,853801,2431687,35.11
2024-11-05 00:00:00,919256,2548433,36.07
2024-11-06 00:00:00,883272,2456743,35.95
2024-11-07 00:00:00,907548,2513948,36.1
2024-11-08 00:00:00,851518,2394304,35.56
2024-11-09 00:00:00,447598,1388626,32.23
2024-11-10 00:00:00,442615,1322185,33.48
2024-11-11 00:00:00,836829,2267760,36.9
2024-11-12 00:00:00,1023122,2752153,37.18
2024-11-13 00:00:00,1098783,2700407,40.69
2024-11-14 00:00:00,1185175,3035235,39.05
2024-11-15 00:00:00,1033945,2716165,38.07
2024-11-16 00:00:00,596278,1824368,32.68
2024-11-17 00:00:00,605770,1829672,33.11
2024-11-18 00:00:00,1098789,2867996,38.31
2024-11-19 00:00:00,1167285,3025333,38.58
2024-11-20 00:00:00,1151755,3032768,37.98
2024-11-21 00:00:00,1146851,3076429,37.28
2024-11-22 00:00:00,1078278,3037412,35.5
2024-11-23 00:00:00,675637,2217598,30.47
2024-11-24 00:00:00,665271,2226590,29.88
2024-11-25 00:00:00,1290231,3282317,39.31
2024-11-26 00:00:00,1299268,3332465,38.99
2024-11-27 00:00:00,1153424,3101772,37.19
2024-11-28 00:00:00,1011152,2649391,38.17
2024-11-29 00:00:00,891256,2313446,38.53
2024-11-30 00:00:00,554944,1651704,33.6
2024-12-01 00:00:00,606181,1774131,34.17
2024-12-02 00:00:00,1103597,2808968,39.29
2024-12-03 00:00:00,1294791,3112180,41.6
2024-12-04 00:00:00,1346713,3159774,42.62
2024-12-05 00:00:00,1391352,3200310,43.48
2024-12-06 00:00:00,1213850,2880951,42.13
2024-12-07 00:00:00,734589,1975991,37.18
2024-12-08 00:00:00,692080,1956813,35.37
2024-12-09 00:00:00,1296118,3060001,42.36
2024-12-10 00:00:00,1377636,3222473,42.75
2024-12-11 00:00:00,1365237,3279400,41.63
2024-12-12 00:00:00,1345325,3175768,42.36
2024-12-13 00:00:00,1186641,2871395,41.33
2024-12-14 00:00:00,688654,2003031,34.38
2024-12-15 00:00:00,682965,2002266,34.11
2024-12-16 00:00:00,1261541,3152436,40.02
2024-12-17 00:00:00,1327290,3149769,42.14
2024-12-18 00:00:00,1269885,2995931,42.39
2024-12-19 00:00:00,1227480,2920559,42.03
2024-12-20 00:00:00,1102129,2667848,41.31
2024-12-21 00:00:00,646509,1764848,36.63
2024-12-22 00:00:00,658965,1820000,36.21
2024-12-23 00:00:00,966393,2401784,40.24
2024-12-24 00:00:00,826230,2127323,38.84
2024-12-25 00:00:00,673189,1803457,37.33
2024-12-26 00:00:00,789560,2050901,38.5
2024-12-27 00:00:00,804111,2066746,38.91
2024-12-28 00:00:00,613749,1673207,36.68
2024-12-29 00:00:00,631318,1720936,36.68
2024-12-30 00:00:00,895870,2175128,41.19
2024-12-31 00:00:00,794781,2021032,39.33
2025-01-01 00:00:00,644343,1711416,37.65
2025-01-02 00:00:00,1011794,2397933,42.19
2025-01-03 00:00:00,1029624,2375758,43.34
2025-01-04 00:00:00,718418,1788931,40.16
2025-01-05 00:00:00,712362,1764113,40.38
2025-01-06 00:00:00,1183766,2579141,45.9
2025-01-07 00:00:00,1311304,2898945,45.23
2025-01-08 00:00:00,1348418,2956371,45.61
2025-01-09 00:00:00,1560273,3069813,50.83
2025-01-10 00:00:00,1295728,2826909,45.84
2025-01-11 00:00:00,746780,1791025,41.7
2025-01-12 00:00:00,761777,1799364,42.34
2025-01-13 00:00:00,1292321,2785915,46.39
2025-01-14 00:00:00,1381056,2959788,46.66
2025-01-15 00:00:00,1402533,2980225,47.06
2025-01-16 00:00:00,1421751,2984387,47.64
2025-01-17 00:00:00,1421803,2961785,48.0
2025-01-18 00:00:00,803055,1856803,43.25
2025-01-19 00:00:00,801484,1823956,43.94
2025-01-20 00:00:00,1253353,2582696,48.53
2025-01-21 00:00:00,1444897,2905133,49.74
2025-01-22 00:00:00,1527277,3011790,50.71
2025-01-23 00:00:00,1550939,2948555,52.6
2025-01-24 00:00:00,1410774,2715768,51.95
2025-01-25 00:00:00,788987,1733947,45.5
2025-01-26 00:00:00,815562,1777178,45.89
2025-01-27 00:00:00,1465166,2862602,51.18
2025-01-28 00:00:00,1516262,2938838,51.59
2025-01-29 00:00:00,1560687,2908932,53.65
2025-01-30 00:00:00,1694429,3057540,55.42
2025-01-31 00:00:00,1630829,2856492,57.09
2025-02-01 00:00:00,1061759,1917654,55.37
2025-02-02 00:00:00,968007,1806973,53.57
2025-02-03 00:00:00,1586360,2779127,57.08
2025-02-04 00:00:00,1727530,3055101,56.55
2025-02-05 00:00:00,1848804,3115707,59.34
2025-02-06 00:00:00,1741801,3008174,57.9
2025-02-07 00:00:00,1627562,2799061,58.15
2025-02-08 00:00:00,973233,1751022,55.58
2025-02-09 00:00:00,887367,1458987,60.82
2025-02-10 00:00:00,1663292,2865120,58.05
2025-02-11 00:00:00,1679029,2890522,58.09
2025-02-12 00:00:00,1728028,2942137,58.73
2025-02-13 00:00:00,1671052,2870832,58.21
2025-02-14 00:00:00,1493924,2601594,57.42
2025-02-15 00:00:00,852547,1598988,53.32
2025-02-16 00:00:00,872111,1619726,53.84
2025-02-17 00:00:00,1485354,2514691,59.07
2025-02-18 00:00:00,1701988,2827239,60.2
2025-02-19 00:00:00,1722705,2842584,60.6
2025-02-20 00:00:00,1703701,2817757,60.46
2025-02-21 00:00:00,1521337,2587108,58.8
2025-02-22 00:00:00,877320,1609810,54.5
2025-02-23 00:00:00,840234,1533051,54.81
2025-02-24 00:00:00,1592549,2714412,58.67
2025-02-25 00:00:00,1770850,2930407,60.43
2025-02-26 00:00:00,1685310,2813568,59.9
2025-02-27 00:00:00,1731595,2855090,60.65
2025-02-28 00:00:00,1600921,2553075,62.71
2025-03-01 00:00:00,874529,1543945,56.64
2025-03-02 00:00:00,871504,1557400,55.96
2025-03-03 00:00:00,1631481,2666469,61.19
2025-03-04 00:00:00,1759294,2841353,61.92
2025-03-05 00:00:00,1844477,3010529,61.27
2025-03-06 00:00:00,1810287,2895404,62.52
2025-03-07 00:00:00,1802075,2842923,63.39
2025-03-08 00:00:00,876851,1539619,56.95
2025-03-09 00:00:00,867835,1529893,56.73
2025-03-10 00:00:00,1723413,2850004,60.47
2025-03-11 00:00:00,1789227,2843583,62.92
2025-03-12 00:00:00,1755728,2865330,61.27
2025-03-13 00:00:00,1799877,2894956,62.17
2025-03-14 00:00:00,1674401,2701781,61.97
2025-03-15 00:00:00,1039613,1768655,58.78
2025-03-16 00:00:00,1098077,1825303,60.16
2025-03-17 00:00:00,1965795,3068690,64.06
2025-03-18 00:00:00,2118820,3345931,63.33
2025-03-19 00:00:00,2025583,3183208,63.63
2025-03-20 00:00:00,2035799,3220799,63.21
2025-03-21 00:00:00,1825204,2912079,62.68
2025-03-22 00:00:00,1009348,1787345,56.47
2025-03-23 00:00:00,1032185,1827513,56.48
2025-03-24 00:00:00,2070415,3137964,65.98
2025-03-25 00:00:00,2183735,3383404,64.54
2025-03-26 00:00:00,2152317,3349482,64.26
2025-03-27 00:00:00,2155794,3368495,64.0
2025-03-28 00:00:00,1633068,2526283,64.64
