pre_release,version,downloads_count
5.2,5.2b1,48507
5.2,5.2a1,61801
5.2,5.1rc1,5091
5.2,5.1b1,1061
5.2,5.1a1,1860
5.2,5.1.7,461015
5.2,5.1.6,4302597
5.2,5.1.5,3779883
5.2,5.1.4,1054400
5.2,5.1.3,508141
5.2,5.1.2,343958
5.2,5.1.1,414236
5.2,5.1,252733
5.2,5.0rc1,740
5.2,5.0b1,1124
5.2,5.0a1,2228
5.2,5.0.9,219972
5.2,5.0.8,117471
5.2,5.0.7,375396
5.2,5.0.6,332206
5.2,5.0.5,8378
5.2,5.0.4,1260901
5.2,5.0.3,176221
5.2,5.0.2,118742
5.2,5.0.13,26831
5.2,5.0.12,302633
5.2,5.0.11,478353
5.2,5.0.10,178566
5.2,5.0.1,136098
5.2,5.0,135619
5.2,4.2rc1,1733
5.2,4.2b1,1031
5.2,4.2a1,2089
5.2,4.2.9,257855
5.2,4.2.8,102851
5.2,4.2.7,286851
5.2,4.2.6,135739
5.2,4.2.5,218863
5.2,4.2.4,120304
5.2,4.2.3,189463
5.2,4.2.20,181243
5.2,4.2.2,88777
5.2,4.2.19,1920196
5.2,4.2.18,2970367
5.2,4.2.17,1759565
5.2,4.2.16,1063455
5.2,4.2.15,504458
5.2,4.2.14,182633
5.2,4.2.13,245842
5.2,4.2.12,5455
5.2,4.2.11,363414
5.2,4.2.10,136666
5.2,4.2.1,122951
5.2,4.2,446961
5.2,4.1rc1,634
5.2,4.1b1,838
5.2,4.1a1,636
5.2,4.1.9,39883
5.2,4.1.8,14469
5.2,4.1.7,304553
5.2,4.1.6,39755
5.2,4.1.5,84480
5.2,4.1.4,74130
5.2,4.1.3,100504
5.2,4.1.2,55105
5.2,4.1.13,273456
5.2,4.1.12,42410
5.2,4.1.11,31422
5.2,4.1.10,53043
5.2,4.1.1,78433
5.2,4.1,218644
5.2,4.0rc1,1836
5.2,4.0b1,660
5.2,4.0a1,753
5.2,4.0.9,9389
5.2,4.0.8,22795
5.2,4.0.7,18573
5.2,4.0.6,104168
5.2,4.0.5,50172
5.2,4.0.4,364772
5.2,4.0.3,50853
5.2,4.0.2,45741
5.2,4.0.10,341489
5.2,4.0.1,36616
5.2,4.0,78750
5.2,3.2rc1,583
5.2,3.2b1,581
5.2,3.2a1,842
5.2,3.2.9,90306
5.2,3.2.8,311129
5.2,3.2.7,57380
5.2,3.2.6,73772
5.2,3.2.5,63529
5.2,3.2.4,67267
5.2,3.2.3,79078
5.2,3.2.25,1493959
5.2,3.2.24,82138
5.2,3.2.23,109017
5.2,3.2.22,28509
5.2,3.2.21,25462
5.2,3.2.20,105052
5.2,3.2.2,15479
5.2,3.2.19,77946
5.2,3.2.18,73989
5.2,3.2.17,18818
5.2,3.2.16,150273
5.2,3.2.15,344454
5.2,3.2.14,47244
5.2,3.2.13,110752
5.2,3.2.12,97201
5.2,3.2.11,34628
5.2,3.2.10,29973
5.2,3.2.1,8813
5.2,3.2,271162
5.2,3.1rc1,840
5.2,3.1b1,861
5.2,3.1a1,749
5.2,3.1.9,2498
5.2,3.1.8,11180
5.2,3.1.7,67440
5.2,3.1.6,44138
5.2,3.1.5,34715
5.2,3.1.4,67534
5.2,3.1.3,54524
5.2,3.1.2,37181
5.2,3.1.14,203286
5.2,3.1.13,17392
5.2,3.1.12,31381
5.2,3.1.11,2870
5.2,3.1.10,3317
5.2,3.1.1,48620
5.2,3.1,51905
5.2,3.0rc1,959
5.2,3.0b1,568
5.2,3.0a1,688
5.2,3.0.9,7048
5.2,3.0.8,45479
5.2,3.0.7,34237
5.2,3.0.6,22232
5.2,3.0.5,42865
5.2,3.0.4,17750
5.2,3.0.3,25340
5.2,3.0.2,34475
5.2,3.0.14,33015
5.2,3.0.13,2343
5.2,3.0.12,2380
5.2,3.0.11,4808
5.2,3.0.10,5904
5.2,3.0.1,8225
5.2,3.0,52320
5.2,2.2rc1,665
5.2,2.2b1,572
5.2,2.2a1,549
5.2,2.2.9,9602
5.2,2.2.8,15984
5.2,2.2.7,30532
5.2,2.2.6,20551
5.2,2.2.5,30505
5.2,2.2.4,30365
5.2,2.2.3,18976
5.2,2.2.28,342822
5.2,2.2.27,9141
5.2,2.2.26,6847
5.2,2.2.25,3979
5.2,2.2.24,28036
5.2,2.2.23,3457
5.2,2.2.22,1427
5.2,2.2.21,1679
5.2,2.2.20,9221
5.2,2.2.2,17153
5.2,2.2.19,13144
5.2,2.2.18,4490
5.2,2.2.17,21390
5.2,2.2.16,19782
5.2,2.2.15,4258
5.2,2.2.14,8210
5.2,2.2.13,20733
5.2,2.2.12,14579
5.2,2.2.11,4557
5.2,2.2.10,18535
5.2,2.2.1,30663
5.2,2.2,70601
5.2,2.1rc1,280
5.2,2.1b1,295
5.2,2.1a1,289
5.2,2.1.9,1816
5.2,2.1.8,3103
5.2,2.1.7,30028
5.2,2.1.5,18931
5.2,2.1.4,9236
5.2,2.1.3,8659
5.2,2.1.2,10132
5.2,2.1.15,49046
5.2,2.1.14,1185
5.2,2.1.13,2397
5.2,2.1.12,1243
5.2,2.1.11,5196
5.2,2.1.10,2087
5.2,2.1.1,18092
5.2,2.1,30531
5.2,2.0rc1,303
5.2,2.0b1,340
5.2,2.0a1,321
5.2,2.0.9,4496
5.2,2.0.8,4998
5.2,2.0.7,7945
5.2,2.0.6,8908
5.2,2.0.5,6481
5.2,2.0.4,5932
5.2,2.0.3,12804
5.2,2.0.2,8173
5.2,2.0.13,19183
5.2,2.0.12,5193
5.2,2.0.10,2394
5.2,2.0.1,6644
5.2,2.0,58579
5.2,1.9rc2,280
5.2,1.9rc1,392
5.2,1.9b1,291
5.2,1.9a1,270
5.2,1.9.9,2157
5.2,1.9.8,2089
5.2,1.9.7,4178
5.2,1.9.6,7348
5.2,1.9.5,3249
5.2,1.9.4,3299
5.2,1.9.3,864
5.2,1.9.2,5193
5.2,1.9.13,9058
5.2,1.9.12,2518
5.2,1.9.11,1364
5.2,1.9.10,1446
5.2,1.9.1,2807
5.2,1.9,8952
5.2,1.8c1,285
5.2,1.8b2,272
5.2,1.8b1,268
5.2,1.8a1,284
5.2,1.8.9,1271
5.2,1.8.8,1593
5.2,1.8.7,3180
5.2,1.8.6,3100
5.2,1.8.5,1973
5.2,1.8.4,8256
5.2,1.8.3,4842
5.2,1.8.2,3927
5.2,1.8.19,14870
5.2,1.8.18,2682
5.2,1.8.17,2331
5.2,1.8.16,35468
5.2,1.8.15,2630
5.2,1.8.14,3401
5.2,1.8.13,1090
5.2,1.8.12,2157
5.2,1.8.11,1552
5.2,1.8.10,743
5.2,1.8.1,1176
5.2,1.8,19479
5.2,1.7.9,670
5.2,1.7.8,879
5.2,1.7.7,40604
5.2,1.7.6,1109
5.2,1.7.5,871
5.2,1.7.4,2084
5.2,1.7.3,902
5.2,1.7.2,835
5.2,1.7.11,4540
5.2,1.7.10,2653
5.2,1.7.1,6482
5.2,1.7,4308
5.2,1.6.9,622
5.2,1.6.8,1133
5.2,1.6.7,1285
5.2,1.6.6,1063
5.2,1.6.5,4653
5.2,1.6.4,960
5.2,1.6.3,752
5.2,1.6.2,15665
5.2,1.6.11,7588
5.2,1.6.10,2311
5.2,1.6.1,16108
5.2,1.6,2618
5.2,1.5.9,489
5.2,1.5.8,726
5.2,1.5.7,576
5.2,1.5.6,448
5.2,1.5.5,1694
5.2,1.5.4,1212
5.2,1.5.3,464
5.2,1.5.2,1014
5.2,1.5.12,1737
5.2,1.5.11,810
5.2,1.5.10,440
5.2,1.5.1,2067
5.2,1.5,1498
5.2,1.4.9,465
5.2,1.4.8,511
5.2,1.4.7,445
5.2,1.4.6,450
5.2,1.4.5,29723
5.2,1.4.4,453
5.2,1.4.3,1085
5.2,1.4.22,1968
5.2,1.4.21,450
5.2,1.4.20,452
5.2,1.4.2,822
5.2,1.4.19,552
5.2,1.4.18,542
5.2,1.4.17,453
5.2,1.4.16,506
5.2,1.4.15,494
5.2,1.4.14,433
5.2,1.4.13,588
5.2,1.4.12,441
5.2,1.4.11,940
5.2,1.4.10,653
5.2,1.4.1,1073
5.2,1.4,1291
5.2,1.3.7,1092
5.2,1.3.6,452
5.2,1.3.5,444
5.2,1.3.4,466
5.2,1.3.3,446
5.2,1.3.2,459
5.2,1.3.1,1157
5.2,1.3,1162
5.2,1.2.7,723
5.2,1.2.6,371
5.2,1.2.5,741
5.2,1.2.4,445
5.2,1.2.3,525
5.2,1.2.2,395
5.2,1.2.1,507
5.2,1.2,246870
5.2,1.11rc1,599
5.2,1.11b1,296
5.2,1.11a1,320
5.2,1.11.9,2386
5.2,1.11.8,3148
5.2,1.11.7,20766
5.2,1.11.6,6949
5.2,1.11.5,8328
5.2,1.11.4,10773
5.2,1.11.3,37858
5.2,1.11.29,248840
5.2,1.11.28,254731
5.2,1.11.27,4887
5.2,1.11.26,3188
5.2,1.11.25,1404
5.2,1.11.24,2065
5.2,1.11.23,8089
5.2,1.11.22,2538
5.2,1.11.21,1807
5.2,1.11.20,4974
5.2,1.11.2,6374
5.2,1.11.19,3
5.2,1.11.18,2172
5.2,1.11.17,14305
5.2,1.11.16,6761
5.2,1.11.15,7217
5.2,1.11.14,1723
5.2,1.11.13,3998
5.2,1.11.12,2264
5.2,1.11.11,7140
5.2,1.11.10,3418
5.2,1.11.1,7997
5.2,1.11,28622
5.2,1.10rc1,533
5.2,1.10b1,1150
5.2,1.10a1,553
5.2,1.10.8,17865
5.2,1.10.7,2647
5.2,1.10.6,6191
5.2,1.10.5,9252
5.2,1.10.4,4392
5.2,1.10.3,5185
5.2,1.10.2,3131
5.2,1.10.1,2474
5.2,1.10,10247
5.2,1.1.4,495
5.2,1.1.3,3830
pre_release,version,downloads_count
5.1,5.1rc1,36865
5.1,5.1b1,81089
5.1,5.1a1,97460
5.1,5.0rc1,902
5.1,5.0b1,1760
5.1,5.0a1,1192
5.1,5.0.8,131392
5.1,5.0.7,3541036
5.1,5.0.6,5445671
5.1,5.0.5,30291
5.1,5.0.4,2232930
5.1,5.0.3,612241
5.1,5.0.2,254934
5.1,5.0.1,264435
5.1,5.0,222819
5.1,4.2rc1,1020
5.1,4.2b1,828
5.1,4.2a1,873
5.1,4.2.9,410975
5.1,4.2.8,377027
5.1,4.2.7,601389
5.1,4.2.6,308743
5.1,4.2.5,316661
5.1,4.2.4,263516
5.1,4.2.3,376561
5.1,4.2.2,809684
5.1,4.2.15,74960
5.1,4.2.14,2442953
5.1,4.2.13,4041521
5.1,4.2.12,51593
5.1,4.2.11,2528071
5.1,4.2.10,689039
5.1,4.2.1,219163
5.1,4.2,669862
5.1,4.1rc1,517
5.1,4.1b1,712
5.1,4.1a1,650
5.1,4.1.9,83303
5.1,4.1.8,29592
5.1,4.1.7,551613
5.1,4.1.6,100641
5.1,4.1.5,138744
5.1,4.1.4,87990
5.1,4.1.3,225008
5.1,4.1.2,105928
5.1,4.1.13,935738
5.1,4.1.12,851317
5.1,4.1.11,33221
5.1,4.1.10,126193
5.1,4.1.1,143978
5.1,4.1,350531
5.1,4.0rc1,801
5.1,4.0b1,601
5.1,4.0a1,1001
5.1,4.0.9,11527
5.1,4.0.8,82024
5.1,4.0.7,39821
5.1,4.0.6,184631
5.1,4.0.5,64014
5.1,4.0.4,115196
5.1,4.0.3,66917
5.1,4.0.2,54858
5.1,4.0.10,228802
5.1,4.0.1,47695
5.1,4.0,142710
5.1,3.2rc1,349
5.1,3.2b1,343
5.1,3.2a1,679
5.1,3.2.9,126843
5.1,3.2.8,249104
5.1,3.2.7,119543
5.1,3.2.6,111569
5.1,3.2.5,86255
5.1,3.2.4,96445
5.1,3.2.3,115242
5.1,3.2.25,3601737
5.1,3.2.24,203076
5.1,3.2.23,326001
5.1,3.2.22,58163
5.1,3.2.21,75139
5.1,3.2.20,216240
5.1,3.2.2,17749
5.1,3.2.19,195810
5.1,3.2.18,184316
5.1,3.2.17,42931
5.1,3.2.16,190751
5.1,3.2.15,323327
5.1,3.2.14,109295
5.1,3.2.13,159521
5.1,3.2.12,168106
5.1,3.2.11,61297
5.1,3.2.10,53082
5.1,3.2.1,13058
5.1,3.2,418395
5.1,3.1rc1,547
5.1,3.1b1,348
5.1,3.1a1,552
5.1,3.1.9,3330
5.1,3.1.8,29413
5.1,3.1.7,96064
5.1,3.1.6,96313
5.1,3.1.5,114398
5.1,3.1.4,33308
5.1,3.1.3,79522
5.1,3.1.2,33441
5.1,3.1.14,208864
5.1,3.1.13,33814
5.1,3.1.12,38870
5.1,3.1.11,10397
5.1,3.1.10,5387
5.1,3.1.1,52082
5.1,3.1,78105
5.1,3.0rc1,584
5.1,3.0b1,351
5.1,3.0a1,935
5.1,3.0.9,68203
5.1,3.0.8,209442
5.1,3.0.7,35667
5.1,3.0.6,28318
5.1,3.0.5,50668
5.1,3.0.4,50617
5.1,3.0.3,39191
5.1,3.0.2,26372
5.1,3.0.14,53295
5.1,3.0.13,3074
5.1,3.0.12,2615
5.1,3.0.11,6910
5.1,3.0.10,8971
5.1,3.0.1,7678
5.1,3.0,61814
5.1,2.2rc1,675
5.1,2.2b1,348
5.1,2.2a1,319
5.1,2.2.9,11655
5.1,2.2.8,23493
5.1,2.2.7,56880
5.1,2.2.6,20294
5.1,2.2.5,20891
5.1,2.2.4,39386
5.1,2.2.3,21117
5.1,2.2.28,593764
5.1,2.2.27,15057
5.1,2.2.26,12668
5.1,2.2.25,10138
5.1,2.2.24,71774
5.1,2.2.23,4463
5.1,2.2.22,1544
5.1,2.2.21,3225
5.1,2.2.20,12105
5.1,2.2.2,22245
5.1,2.2.19,21739
5.1,2.2.18,5429
5.1,2.2.17,32858
5.1,2.2.16,140429
5.1,2.2.15,7237
5.1,2.2.14,22643
5.1,2.2.13,16073
5.1,2.2.12,18696
5.1,2.2.11,8280
5.1,2.2.10,17749
5.1,2.2.1,37757
5.1,2.2,88707
5.1,2.1rc1,150
5.1,2.1b1,177
5.1,2.1a1,182
5.1,2.1.9,1627
5.1,2.1.8,3568
5.1,2.1.7,36404
5.1,2.1.5,16875
5.1,2.1.4,10869
5.1,2.1.3,7844
5.1,2.1.2,8147
5.1,2.1.15,165072
5.1,2.1.14,1009
5.1,2.1.13,2699
5.1,2.1.12,885
5.1,2.1.11,5796
5.1,2.1.10,2149
5.1,2.1.1,20653
5.1,2.1,20061
5.1,2.0rc1,169
5.1,2.0b1,226
5.1,2.0a1,189
5.1,2.0.9,2161
5.1,2.0.8,3895
5.1,2.0.7,7027
5.1,2.0.6,17379
5.1,2.0.5,5365
5.1,2.0.4,5266
5.1,2.0.3,12964
5.1,2.0.2,6519
5.1,2.0.13,22973
5.1,2.0.12,9598
5.1,2.0.10,1590
5.1,2.0.1,8524
5.1,2.0,491107
5.1,1.9rc2,159
5.1,1.9rc1,162
5.1,1.9b1,184
5.1,1.9a1,164
5.1,1.9.9,1830
5.1,1.9.8,1905
5.1,1.9.7,5041
5.1,1.9.6,16954
5.1,1.9.5,6366
5.1,1.9.4,4434
5.1,1.9.3,966
5.1,1.9.2,2514
5.1,1.9.13,11487
5.1,1.9.12,2738
5.1,1.9.11,918
5.1,1.9.10,1573
5.1,1.9.1,4483
5.1,1.9,6520
5.1,1.8c1,195
5.1,1.8b2,161
5.1,1.8b1,161
5.1,1.8a1,204
5.1,1.8.9,1285
5.1,1.8.8,1498
5.1,1.8.7,4683
5.1,1.8.6,5001
5.1,1.8.5,3117
5.1,1.8.4,20901
5.1,1.8.3,11269
5.1,1.8.2,8137
5.1,1.8.19,26189
5.1,1.8.18,3173
5.1,1.8.17,1930
5.1,1.8.16,50729
5.1,1.8.15,17536
5.1,1.8.14,3828
5.1,1.8.13,1450
5.1,1.8.12,3089
5.1,1.8.11,2726
5.1,1.8.10,837
5.1,1.8.1,1539
5.1,1.8,27477
5.1,1.7.9,830
5.1,1.7.8,913
5.1,1.7.7,137933
5.1,1.7.6,1756
5.1,1.7.5,860
5.1,1.7.4,3779
5.1,1.7.3,1279
5.1,1.7.2,934
5.1,1.7.11,10515
5.1,1.7.10,3446
5.1,1.7.1,10951
5.1,1.7,7271
5.1,1.6.9,509
5.1,1.6.8,1269
5.1,1.6.7,2606
5.1,1.6.6,2134
5.1,1.6.5,7817
5.1,1.6.4,715
5.1,1.6.3,827
5.1,1.6.2,23543
5.1,1.6.11,16197
5.1,1.6.10,2000
5.1,1.6.1,42805
5.1,1.6,6172
5.1,1.5.9,412
5.1,1.5.8,937
5.1,1.5.7,471
5.1,1.5.6,246
5.1,1.5.5,2247
5.1,1.5.4,2968
5.1,1.5.3,543
5.1,1.5.2,731
5.1,1.5.12,4404
5.1,1.5.11,601
5.1,1.5.10,286
5.1,1.5.1,7018
5.1,1.5,2660
5.1,1.4.9,255
5.1,1.4.8,314
5.1,1.4.7,271
5.1,1.4.6,280
5.1,1.4.5,33330
5.1,1.4.4,254
5.1,1.4.3,2342
5.1,1.4.22,3027
5.1,1.4.21,429
5.1,1.4.20,312
5.1,1.4.2,1027
5.1,1.4.19,427
5.1,1.4.18,550
5.1,1.4.17,295
5.1,1.4.16,730
5.1,1.4.15,531
5.1,1.4.14,310
5.1,1.4.13,451
5.1,1.4.12,241
5.1,1.4.11,1462
5.1,1.4.10,405
5.1,1.4.1,2341
5.1,1.4,4446
5.1,1.3.7,1370
5.1,1.3.6,273
5.1,1.3.5,244
5.1,1.3.4,256
5.1,1.3.3,275
5.1,1.3.2,386
5.1,1.3.1,2284
5.1,1.3,2302
5.1,1.2.7,628
5.1,1.2.6,268
5.1,1.2.5,1025
5.1,1.2.4,537
5.1,1.2.3,937
5.1,1.2.2,257
5.1,1.2.1,490
5.1,1.2,112997
5.1,1.11rc1,349
5.1,1.11b1,215
5.1,1.11a1,190
5.1,1.11.9,3339
5.1,1.11.8,3646
5.1,1.11.7,18074
5.1,1.11.6,6695
5.1,1.11.5,9969
5.1,1.11.4,14501
5.1,1.11.3,55350
5.1,1.11.29,572549
5.1,1.11.28,202802
5.1,1.11.27,8338
5.1,1.11.26,1974
5.1,1.11.25,1999
5.1,1.11.24,1575
5.1,1.11.23,12790
5.1,1.11.22,4921
5.1,1.11.21,2489
5.1,1.11.20,9844
5.1,1.11.2,55259
5.1,1.11.19,7
5.1,1.11.18,11516
5.1,1.11.17,23012
5.1,1.11.16,4965
5.1,1.11.15,7684
5.1,1.11.14,1886
5.1,1.11.13,5417
5.1,1.11.12,3245
5.1,1.11.11,3211
5.1,1.11.10,3372
5.1,1.11.1,26452
5.1,1.11,27799
5.1,1.10rc1,319
5.1,1.10b1,1119
5.1,1.10a1,372
5.1,1.10.8,12814
5.1,1.10.7,2233
5.1,1.10.6,3555
5.1,1.10.5,7022
5.1,1.10.4,3784
5.1,1.10.3,4522
5.1,1.10.2,2697
5.1,1.10.1,3754
5.1,1.10,8496
5.1,1.1.4,498
5.1,1.1.3,4450
pre_release,version,downloads_count
5.0,5.0rc1,15279
5.0,5.0b1,41916
5.0,5.0a1,28555
5.0,4.2rc1,2973
5.0,4.2b1,1918
5.0,4.2a1,1230
5.0,4.2.8,34127
5.0,4.2.7,3842103
5.0,4.2.6,3514601
5.0,4.2.5,2865400
5.0,4.2.4,804685
5.0,4.2.3,756565
5.0,4.2.2,364758
5.0,4.2.1,255757
5.0,4.2,430893
5.0,4.1rc1,1012
5.0,4.1b1,1100
5.0,4.1a1,1033
5.0,4.1.9,138242
5.0,4.1.8,32087
5.0,4.1.7,612320
5.0,4.1.6,69329
5.0,4.1.5,134398
5.0,4.1.4,102076
5.0,4.1.3,199456
5.0,4.1.2,98462
5.0,4.1.13,360361
5.0,4.1.12,292278
5.0,4.1.11,237788
5.0,4.1.10,695510
5.0,4.1.1,80830
5.0,4.1,172703
5.0,4.0rc1,673
5.0,4.0b1,704
5.0,4.0a1,821
5.0,4.0.9,12818
5.0,4.0.8,58225
5.0,4.0.7,34029
5.0,4.0.6,168661
5.0,4.0.5,61023
5.0,4.0.4,95487
5.0,4.0.3,88341
5.0,4.0.2,58268
5.0,4.0.10,256959
5.0,4.0.1,53061
5.0,4.0,81477
5.0,3.2rc1,288
5.0,3.2b1,268
5.0,3.2a1,319
5.0,3.2.9,205173
5.0,3.2.8,140492
5.0,3.2.7,83088
5.0,3.2.6,108988
5.0,3.2.5,103758
5.0,3.2.4,99800
5.0,3.2.3,139384
5.0,3.2.23,1443670
5.0,3.2.22,1425723
5.0,3.2.21,1123553
5.0,3.2.20,1261796
5.0,3.2.2,21756
5.0,3.2.19,420086
5.0,3.2.18,313465
5.0,3.2.17,74300
5.0,3.2.16,268677
5.0,3.2.15,284732
5.0,3.2.14,89507
5.0,3.2.13,156294
5.0,3.2.12,144009
5.0,3.2.11,75063
5.0,3.2.10,45460
5.0,3.2.1,12491
5.0,3.2,306310
5.0,3.1rc1,364
5.0,3.1b1,299
5.0,3.1a1,571
5.0,3.1.9,2460
5.0,3.1.8,44651
5.0,3.1.7,69468
5.0,3.1.6,94107
5.0,3.1.5,159827
5.0,3.1.4,42436
5.0,3.1.3,69376
5.0,3.1.2,27780
5.0,3.1.14,192074
5.0,3.1.13,47803
5.0,3.1.12,37470
5.0,3.1.11,6388
5.0,3.1.10,4604
5.0,3.1.1,44892
5.0,3.1,62186
5.0,3.0rc1,254
5.0,3.0b1,310
5.0,3.0a1,839
5.0,3.0.9,107940
5.0,3.0.8,311441
5.0,3.0.7,49839
5.0,3.0.6,25466
5.0,3.0.5,64087
5.0,3.0.4,24614
5.0,3.0.3,33461
5.0,3.0.2,19853
5.0,3.0.14,45532
5.0,3.0.13,2404
5.0,3.0.12,2445
5.0,3.0.11,6495
5.0,3.0.10,8418
5.0,3.0.1,5751
5.0,3.0,111383
5.0,2.2rc1,263
5.0,2.2b1,273
5.0,2.2a1,276
5.0,2.2.9,32921
5.0,2.2.8,18152
5.0,2.2.7,45031
5.0,2.2.6,17339
5.0,2.2.5,22935
5.0,2.2.4,505662
5.0,2.2.3,16251
5.0,2.2.28,2906716
5.0,2.2.27,25537
5.0,2.2.26,11921
5.0,2.2.25,11221
5.0,2.2.24,66940
5.0,2.2.23,3141
5.0,2.2.22,2747
5.0,2.2.21,3431
5.0,2.2.20,13507
5.0,2.2.2,22278
5.0,2.2.19,15042
5.0,2.2.18,6413
5.0,2.2.17,43633
5.0,2.2.16,30226
5.0,2.2.15,26660
5.0,2.2.14,9911
5.0,2.2.13,16460
5.0,2.2.12,16427
5.0,2.2.11,11814
5.0,2.2.10,14615
5.0,2.2.1,29359
5.0,2.2,107427
5.0,2.1rc1,146
5.0,2.1b1,222
5.0,2.1a1,195
5.0,2.1.9,1481
5.0,2.1.8,2789
5.0,2.1.7,19959
5.0,2.1.6,2
5.0,2.1.5,16898
5.0,2.1.4,6971
5.0,2.1.3,5807
5.0,2.1.2,8326
5.0,2.1.15,112159
5.0,2.1.14,854
5.0,2.1.13,1361
5.0,2.1.12,1061
5.0,2.1.11,4261
5.0,2.1.10,2446
5.0,2.1.1,25204
5.0,2.1,20269
5.0,2.0rc1,183
5.0,2.0b1,189
5.0,2.0a1,189
5.0,2.0.9,2156
5.0,2.0.8,3155
5.0,2.0.7,6047
5.0,2.0.6,16394
5.0,2.0.5,4560
5.0,2.0.4,4938
5.0,2.0.3,9602
5.0,2.0.2,7065
5.0,2.0.13,25865
5.0,2.0.12,8105
5.0,2.0.11,2
5.0,2.0.10,1017
5.0,2.0.1,10859
5.0,2.0,466009
5.0,1.9rc2,152
5.0,1.9rc1,123
5.0,1.9b1,155
5.0,1.9a1,154
5.0,1.9.9,1956
5.0,1.9.8,1532
5.0,1.9.7,3773
5.0,1.9.6,11019
5.0,1.9.5,12429
5.0,1.9.4,3561
5.0,1.9.3,1067
5.0,1.9.2,2359
5.0,1.9.13,10156
5.0,1.9.12,1624
5.0,1.9.11,776
5.0,1.9.10,1435
5.0,1.9.1,2263
5.0,1.9,4760
5.0,1.8c1,163
5.0,1.8b2,154
5.0,1.8b1,153
5.0,1.8a1,156
5.0,1.8.9,1055
5.0,1.8.8,1151
5.0,1.8.7,2999
5.0,1.8.6,3932
5.0,1.8.5,1447
5.0,1.8.4,9121
5.0,1.8.3,8956
5.0,1.8.2,4748
5.0,1.8.19,30835
5.0,1.8.18,3872
5.0,1.8.17,2699
5.0,1.8.16,3024
5.0,1.8.15,1115
5.0,1.8.14,3117
5.0,1.8.13,1478
5.0,1.8.12,43446
5.0,1.8.11,2872
5.0,1.8.10,460
5.0,1.8.1,1532
5.0,1.8,15207
5.0,1.7.9,597
5.0,1.7.8,606
5.0,1.7.7,179643
5.0,1.7.6,1395
5.0,1.7.5,419
5.0,1.7.4,2568
5.0,1.7.3,1048
5.0,1.7.2,638
5.0,1.7.11,11549
5.0,1.7.10,2597
5.0,1.7.1,6064
5.0,1.7,5587
5.0,1.6.9,325
5.0,1.6.8,1018
5.0,1.6.7,2385
5.0,1.6.6,1667
5.0,1.6.5,5831
5.0,1.6.4,542
5.0,1.6.3,778
5.0,1.6.2,21856
5.0,1.6.11,15685
5.0,1.6.10,991
5.0,1.6.1,51510
5.0,1.6,3698
5.0,1.5.9,210
5.0,1.5.8,1333
5.0,1.5.7,639
5.0,1.5.6,180
5.0,1.5.5,2039
5.0,1.5.4,2755
5.0,1.5.3,391
5.0,1.5.2,720
5.0,1.5.12,3850
5.0,1.5.11,633
5.0,1.5.10,177
5.0,1.5.1,5388
5.0,1.5,2175
5.0,1.4.9,177
5.0,1.4.8,239
5.0,1.4.7,167
5.0,1.4.6,311
5.0,1.4.5,58057
5.0,1.4.4,165
5.0,1.4.3,1423
5.0,1.4.22,10857
5.0,1.4.21,324
5.0,1.4.20,185
5.0,1.4.2,856
5.0,1.4.19,207
5.0,1.4.18,209
5.0,1.4.17,290
5.0,1.4.16,613
5.0,1.4.15,315
5.0,1.4.14,160
5.0,1.4.13,27004
5.0,1.4.12,164
5.0,1.4.11,1035
5.0,1.4.10,360
5.0,1.4.1,2215
5.0,1.4,4197
5.0,1.3.7,1971
5.0,1.3.6,184
5.0,1.3.5,158
5.0,1.3.4,280
5.0,1.3.3,180
5.0,1.3.2,137
5.0,1.3.1,1361
5.0,1.3,1860
5.0,1.2.7,328
5.0,1.2.6,133
5.0,1.2.5,1462
5.0,1.2.4,495
5.0,1.2.3,575
5.0,1.2.2,252
5.0,1.2.1,410
5.0,1.2,217621
5.0,1.11rc1,260
5.0,1.11b1,158
5.0,1.11a1,163
5.0,1.11.9,2223
5.0,1.11.8,2170
5.0,1.11.7,25127
5.0,1.11.6,7292
5.0,1.11.5,6379
5.0,1.11.4,9583
5.0,1.11.3,34836
5.0,1.11.29,519459
5.0,1.11.28,167249
5.0,1.11.27,6047
5.0,1.11.26,5010
5.0,1.11.25,1656
5.0,1.11.24,1623
5.0,1.11.23,13934
5.0,1.11.22,5034
5.0,1.11.21,2197
5.0,1.11.20,9784
5.0,1.11.2,22994
5.0,1.11.19,8
5.0,1.11.18,2091
5.0,1.11.17,17286
5.0,1.11.16,4062
5.0,1.11.15,5711
5.0,1.11.14,2248
5.0,1.11.13,4810
5.0,1.11.12,2107
5.0,1.11.11,3001
5.0,1.11.10,7196
5.0,1.11.1,36543
5.0,1.11,284605
5.0,1.10rc1,361
5.0,1.10b1,2320
5.0,1.10a1,338
5.0,1.10.8,13761
5.0,1.10.7,2091
5.0,1.10.6,2408
5.0,1.10.5,4019
5.0,1.10.4,2806
5.0,1.10.3,10678
5.0,1.10.2,3235
5.0,1.10.1,2542
5.0,1.10,6197
5.0,1.1.4,324
5.0,1.1.3,7366
pre_release,version,downloads_count
4.2,4.2rc1,12538
4.2,4.2b1,25383
4.2,4.2a1,28561
4.2,4.1rc1,1374
4.2,4.1b1,590
4.2,4.1a1,726
4.2,4.1.7,3213957
4.2,4.1.6,998270
4.2,4.1.5,1307834
4.2,4.1.4,331069
4.2,4.1.3,395858
4.2,4.1.2,215020
4.2,4.1.1,171990
4.2,4.1,220017
4.2,4.0rc1,392
4.2,4.0b1,423
4.2,4.0a1,504
4.2,4.0.9,118454
4.2,4.0.8,311816
4.2,4.0.7,118098
4.2,4.0.6,264197
4.2,4.0.5,133387
4.2,4.0.4,241665
4.2,4.0.3,152336
4.2,4.0.2,111810
4.2,4.0.10,245948
4.2,4.0.1,85537
4.2,4.0,139566
4.2,3.2rc1,745
4.2,3.2b1,388
4.2,3.2a1,573
4.2,3.2.9,197784
4.2,3.2.8,222461
4.2,3.2.7,146774
4.2,3.2.6,177086
4.2,3.2.5,129696
4.2,3.2.4,101011
4.2,3.2.3,89876
4.2,3.2.2,37056
4.2,3.2.18,2561961
4.2,3.2.17,808902
4.2,3.2.16,2321729
4.2,3.2.15,627039
4.2,3.2.14,215360
4.2,3.2.13,274219
4.2,3.2.12,233315
4.2,3.2.11,104575
4.2,3.2.10,76445
4.2,3.2.1,18111
4.2,3.2,380359
4.2,3.1rc1,749
4.2,3.1b1,552
4.2,3.1a1,722
4.2,3.1.9,4453
4.2,3.1.8,23792
4.2,3.1.7,119297
4.2,3.1.6,117605
4.2,3.1.5,198990
4.2,3.1.4,140528
4.2,3.1.3,77382
4.2,3.1.2,68384
4.2,3.1.14,277689
4.2,3.1.13,68708
4.2,3.1.12,33064
4.2,3.1.11,12024
4.2,3.1.10,7539
4.2,3.1.1,60821
4.2,3.1,88713
4.2,3.0rc1,444
4.2,3.0b1,448
4.2,3.0a1,470
4.2,3.0.9,123295
4.2,3.0.8,229553
4.2,3.0.7,61245
4.2,3.0.6,39024
4.2,3.0.5,74680
4.2,3.0.4,31305
4.2,3.0.3,47624
4.2,3.0.2,27226
4.2,3.0.14,124619
4.2,3.0.13,3287
4.2,3.0.12,4559
4.2,3.0.11,8139
4.2,3.0.10,9098
4.2,3.0.1,7098
4.2,3.0,80308
4.2,2.2rc1,335
4.2,2.2b1,350
4.2,2.2a1,337
4.2,2.2.9,32073
4.2,2.2.8,13397
4.2,2.2.7,113787
4.2,2.2.6,68574
4.2,2.2.5,32067
4.2,2.2.4,53298
4.2,2.2.3,31207
4.2,2.2.28,669142
4.2,2.2.27,41459
4.2,2.2.26,17518
4.2,2.2.25,15249
4.2,2.2.24,92948
4.2,2.2.23,4737
4.2,2.2.22,3973
4.2,2.2.21,6599
4.2,2.2.20,32843
4.2,2.2.2,27781
4.2,2.2.19,38849
4.2,2.2.18,8600
4.2,2.2.17,47502
4.2,2.2.16,123060
4.2,2.2.15,14993
4.2,2.2.14,19329
4.2,2.2.13,24293
4.2,2.2.12,36369
4.2,2.2.11,17088
4.2,2.2.10,21516
4.2,2.2.1,27399
4.2,2.2,144504
4.2,2.1rc1,167
4.2,2.1b1,186
4.2,2.1a1,170
4.2,2.1.9,2025
4.2,2.1.8,2931
4.2,2.1.7,28626
4.2,2.1.5,19645
4.2,2.1.4,8749
4.2,2.1.3,6147
4.2,2.1.2,12925
4.2,2.1.15,102423
4.2,2.1.14,1098
4.2,2.1.13,2173
4.2,2.1.12,1089
4.2,2.1.11,5131
4.2,2.1.10,4291
4.2,2.1.1,17824
4.2,2.1,22006
4.2,2.0rc1,171
4.2,2.0b1,171
4.2,2.0a1,187
4.2,2.0.9,1460
4.2,2.0.8,3305
4.2,2.0.7,23791
4.2,2.0.6,12647
4.2,2.0.5,6327
4.2,2.0.4,6928
4.2,2.0.3,10515
4.2,2.0.2,9743
4.2,2.0.13,84794
4.2,2.0.12,6880
4.2,2.0.10,2002
4.2,2.0.1,13216
4.2,2.0,456586
4.2,1.9rc2,782
4.2,1.9rc1,181
4.2,1.9b1,169
4.2,1.9a1,170
4.2,1.9.9,2120
4.2,1.9.8,2170
4.2,1.9.7,5156
4.2,1.9.6,12457
4.2,1.9.5,3531
4.2,1.9.4,4162
4.2,1.9.3,966
4.2,1.9.2,3209
4.2,1.9.13,12370
4.2,1.9.12,2254
4.2,1.9.11,990
4.2,1.9.10,1940
4.2,1.9.1,2594
4.2,1.9,5860
4.2,1.8c1,176
4.2,1.8b2,169
4.2,1.8b1,171
4.2,1.8a1,169
4.2,1.8.9,1652
4.2,1.8.8,1534
4.2,1.8.7,3070
4.2,1.8.6,16175
4.2,1.8.5,2214
4.2,1.8.4,15099
4.2,1.8.3,22662
4.2,1.8.2,7739
4.2,1.8.19,46101
4.2,1.8.18,6004
4.2,1.8.17,4025
4.2,1.8.16,5527
4.2,1.8.15,4276
4.2,1.8.14,5099
4.2,1.8.13,2262
4.2,1.8.12,74642
4.2,1.8.11,3337
4.2,1.8.10,681
4.2,1.8.1,1788
4.2,1.8,14746
4.2,1.7.9,1130
4.2,1.7.8,862
4.2,1.7.7,109317
4.2,1.7.6,2025
4.2,1.7.5,604
4.2,1.7.4,4425
4.2,1.7.3,1797
4.2,1.7.2,1108
4.2,1.7.11,15460
4.2,1.7.10,1414
4.2,1.7.1,7591
4.2,1.7,7657
4.2,1.6.9,415
4.2,1.6.8,1577
4.2,1.6.7,2660
4.2,1.6.6,2517
4.2,1.6.5,6449
4.2,1.6.4,1095
4.2,1.6.3,1357
4.2,1.6.2,23175
4.2,1.6.11,21815
4.2,1.6.10,1214
4.2,1.6.1,61225
4.2,1.6,8937
4.2,1.5.9,233
4.2,1.5.8,1916
4.2,1.5.7,391
4.2,1.5.6,231
4.2,1.5.5,2386
4.2,1.5.4,5190
4.2,1.5.3,369
4.2,1.5.2,761
4.2,1.5.12,4192
4.2,1.5.11,686
4.2,1.5.10,269
4.2,1.5.1,8554
4.2,1.5,2913
4.2,1.4.9,251
4.2,1.4.8,299
4.2,1.4.7,282
4.2,1.4.6,626
4.2,1.4.5,3165
4.2,1.4.4,240
4.2,1.4.3,1170
4.2,1.4.22,17861
4.2,1.4.21,584
4.2,1.4.20,280
4.2,1.4.2,2055
4.2,1.4.19,268
4.2,1.4.18,241
4.2,1.4.17,259
4.2,1.4.16,716
4.2,1.4.15,550
4.2,1.4.14,243
4.2,1.4.13,107027
4.2,1.4.12,261
4.2,1.4.11,1035
4.2,1.4.10,570
4.2,1.4.1,2149
4.2,1.4,3833
4.2,1.3.7,1213
4.2,1.3.6,260
4.2,1.3.5,264
4.2,1.3.4,358
4.2,1.3.3,231
4.2,1.3.2,251
4.2,1.3.1,3312
4.2,1.3,5583
4.2,1.2.7,1198
4.2,1.2.6,226
4.2,1.2.5,2549
4.2,1.2.4,953
4.2,1.2.3,740
4.2,1.2.2,236
4.2,1.2.1,1891
4.2,1.2,151210
4.2,1.11rc1,360
4.2,1.11b1,179
4.2,1.11a1,174
4.2,1.11.9,3338
4.2,1.11.8,3525
4.2,1.11.7,25387
4.2,1.11.6,11100
4.2,1.11.5,8189
4.2,1.11.4,8745
4.2,1.11.3,20471
4.2,1.11.29,639580
4.2,1.11.28,423851
4.2,1.11.27,8723
4.2,1.11.26,5526
4.2,1.11.25,2653
4.2,1.11.24,5161
4.2,1.11.23,14279
4.2,1.11.22,10411
4.2,1.11.21,2713
4.2,1.11.20,21484
4.2,1.11.2,53374
4.2,1.11.19,3
4.2,1.11.18,4674
4.2,1.11.17,18366
4.2,1.11.16,4349
4.2,1.11.15,5768
4.2,1.11.14,4313
4.2,1.11.13,5188
4.2,1.11.12,4386
4.2,1.11.11,4317
4.2,1.11.10,53075
4.2,1.11.1,29778
4.2,1.11,274124
4.2,1.10rc1,1055
4.2,1.10b1,356
4.2,1.10a1,367
4.2,1.10.8,22163
4.2,1.10.7,3871
4.2,1.10.6,3737
4.2,1.10.5,7846
4.2,1.10.4,4678
4.2,1.10.3,11750
4.2,1.10.2,4810
4.2,1.10.1,1828
4.2,1.10,7877
4.2,1.1.4,467
4.2,1.1.3,5244
pre_release,version,downloads_count
4.1,4.1rc1,11882
4.1,4.1b1,25969
4.1,4.1a1,29175
4.1,4.0rc1,408
4.1,4.0b1,552
4.1,4.0a1,525
4.1,4.0.7,3354
4.1,4.0.6,1486373
4.1,4.0.5,1602518
4.1,4.0.4,1136509
4.1,4.0.3,240119
4.1,4.0.2,179973
4.1,4.0.1,168786
4.1,4.0,141551
4.1,3.2rc1,549
4.1,3.2b1,405
4.1,3.2a1,449
4.1,3.2.9,386080
4.1,3.2.8,210934
4.1,3.2.7,241058
4.1,3.2.6,231832
4.1,3.2.5,195116
4.1,3.2.4,218710
4.1,3.2.3,115396
4.1,3.2.2,44730
4.1,3.2.15,2521
4.1,3.2.14,1348990
4.1,3.2.13,3205561
4.1,3.2.12,636125
4.1,3.2.11,192645
4.1,3.2.10,151135
4.1,3.2.1,14723
4.1,3.2,341163
4.1,3.1rc1,399
4.1,3.1b1,476
4.1,3.1a1,464
4.1,3.1.9,4945
4.1,3.1.8,28070
4.1,3.1.7,165707
4.1,3.1.6,113263
4.1,3.1.5,272311
4.1,3.1.4,88437
4.1,3.1.3,131097
4.1,3.1.2,73629
4.1,3.1.14,430674
4.1,3.1.13,137571
4.1,3.1.12,31213
4.1,3.1.11,12059
4.1,3.1.10,10319
4.1,3.1.1,78336
4.1,3.1,103706
4.1,3.0rc1,417
4.1,3.0b1,416
4.1,3.0a1,377
4.1,3.0.9,99452
4.1,3.0.8,1398604
4.1,3.0.7,70715
4.1,3.0.6,42099
4.1,3.0.5,101937
4.1,3.0.4,33428
4.1,3.0.3,54422
4.1,3.0.2,22556
4.1,3.0.14,221435
4.1,3.0.13,7297
4.1,3.0.12,14105
4.1,3.0.11,10860
4.1,3.0.10,10903
4.1,3.0.1,9179
4.1,3.0,96009
4.1,2.2rc1,334
4.1,2.2b1,349
4.1,2.2a1,335
4.1,2.2.9,31971
4.1,2.2.8,16825
4.1,2.2.7,86734
4.1,2.2.6,65151
4.1,2.2.5,45440
4.1,2.2.4,66254
4.1,2.2.3,35063
4.1,2.2.28,702887
4.1,2.2.27,129425
4.1,2.2.26,31969
4.1,2.2.25,21952
4.1,2.2.24,229565
4.1,2.2.23,11802
4.1,2.2.22,3184
4.1,2.2.21,3920
4.1,2.2.20,34378
4.1,2.2.2,26765
4.1,2.2.19,35594
4.1,2.2.18,11851
4.1,2.2.17,31079
4.1,2.2.16,131055
4.1,2.2.15,14095
4.1,2.2.14,45181
4.1,2.2.13,45874
4.1,2.2.12,67702
4.1,2.2.11,23320
4.1,2.2.10,40515
4.1,2.2.1,128096
4.1,2.2,169870
4.1,2.1rc1,177
4.1,2.1b1,220
4.1,2.1a1,202
4.1,2.1.9,1543
4.1,2.1.8,5282
4.1,2.1.7,23279
4.1,2.1.5,19149
4.1,2.1.4,10029
4.1,2.1.3,9369
4.1,2.1.2,10904
4.1,2.1.15,112854
4.1,2.1.14,1102
4.1,2.1.13,1174
4.1,2.1.12,1381
4.1,2.1.11,3322
4.1,2.1.10,8349
4.1,2.1.1,103175
4.1,2.1,25158
4.1,2.0rc1,190
4.1,2.0b1,212
4.1,2.0a1,219
4.1,2.0.9,1951
4.1,2.0.8,4147
4.1,2.0.7,13182
4.1,2.0.6,8439
4.1,2.0.5,9071
4.1,2.0.4,7357
4.1,2.0.3,9500
4.1,2.0.2,7376
4.1,2.0.13,69014
4.1,2.0.12,1381
4.1,2.0.10,2752
4.1,2.0.1,6712
4.1,2.0,25110
4.1,1.9rc2,168
4.1,1.9rc1,167
4.1,1.9b1,155
4.1,1.9a1,164
4.1,1.9.9,1545
4.1,1.9.8,1783
4.1,1.9.7,23710
4.1,1.9.6,3609
4.1,1.9.5,3319
4.1,1.9.4,1753
4.1,1.9.3,1019
4.1,1.9.2,3005
4.1,1.9.13,12448
4.1,1.9.12,3465
4.1,1.9.11,1220
4.1,1.9.10,1176
4.1,1.9.1,1901
4.1,1.9,4175
4.1,1.8c1,175
4.1,1.8b2,164
4.1,1.8b1,155
4.1,1.8a1,164
4.1,1.8.9,1717
4.1,1.8.8,1540
4.1,1.8.7,3098
4.1,1.8.6,38836
4.1,1.8.5,1495
4.1,1.8.4,8087
4.1,1.8.3,13062
4.1,1.8.2,10380
4.1,1.8.19,156199
4.1,1.8.18,6156
4.1,1.8.17,2601
4.1,1.8.16,3516
4.1,1.8.15,1540
4.1,1.8.14,4562
4.1,1.8.13,1609
4.1,1.8.12,70969
4.1,1.8.11,916
4.1,1.8.10,671
4.1,1.8.1,1185
4.1,1.8,19998
4.1,1.7.9,793
4.1,1.7.8,1039
4.1,1.7.7,118546
4.1,1.7.6,643
4.1,1.7.5,561
4.1,1.7.4,887
4.1,1.7.3,615
4.1,1.7.2,547
4.1,1.7.11,24028
4.1,1.7.10,1792
4.1,1.7.1,2493
4.1,1.7,4453
4.1,1.6.9,436
4.1,1.6.8,2123
4.1,1.6.7,639
4.1,1.6.6,562
4.1,1.6.5,5163
4.1,1.6.4,907
4.1,1.6.3,598
4.1,1.6.2,1415
4.1,1.6.11,18233
4.1,1.6.10,1168
4.1,1.6.1,1677
4.1,1.6,2773
4.1,1.5.9,248
4.1,1.5.8,647
4.1,1.5.7,483
4.1,1.5.6,245
4.1,1.5.5,2515
4.1,1.5.4,1019
4.1,1.5.3,331
4.1,1.5.2,623
4.1,1.5.12,2918
4.1,1.5.11,460
4.1,1.5.10,259
4.1,1.5.1,1826
4.1,1.5,3217
4.1,1.4.9,236
4.1,1.4.8,333
4.1,1.4.7,223
4.1,1.4.6,234
4.1,1.4.5,767
4.1,1.4.4,222
4.1,1.4.3,588
4.1,1.4.22,7194
4.1,1.4.21,310
4.1,1.4.20,277
4.1,1.4.2,1184
4.1,1.4.19,230
4.1,1.4.18,226
4.1,1.4.17,226
4.1,1.4.16,229
4.1,1.4.15,287
4.1,1.4.14,227
4.1,1.4.13,36199
4.1,1.4.12,232
4.1,1.4.11,255
4.1,1.4.10,364
4.1,1.4.1,892
4.1,1.4,1268
4.1,1.3.7,1373
4.1,1.3.6,238
4.1,1.3.5,243
4.1,1.3.4,245
4.1,1.3.3,228
4.1,1.3.2,223
4.1,1.3.1,1054
4.1,1.3,1179
4.1,1.2.7,767
4.1,1.2.6,227
4.1,1.2.5,529
4.1,1.2.4,231
4.1,1.2.3,279
4.1,1.2.2,223
4.1,1.2.1,339
4.1,1.2,10868
4.1,1.11rc1,347
4.1,1.11b1,170
4.1,1.11a1,176
4.1,1.11.9,3051
4.1,1.11.8,5755
4.1,1.11.7,26189
4.1,1.11.6,12740
4.1,1.11.5,5314
4.1,1.11.4,7811
4.1,1.11.3,11086
4.1,1.11.29,492915
4.1,1.11.28,66579
4.1,1.11.27,7903
4.1,1.11.26,7119
4.1,1.11.25,2716
4.1,1.11.24,5350
4.1,1.11.23,13512
4.1,1.11.22,4405
4.1,1.11.21,1641
4.1,1.11.20,23911
4.1,1.11.2,134013
4.1,1.11.19,20
4.1,1.11.18,7638
4.1,1.11.17,25148
4.1,1.11.16,6336
4.1,1.11.15,12404
4.1,1.11.14,3298
4.1,1.11.13,4042
4.1,1.11.12,3136
4.1,1.11.11,4928
4.1,1.11.10,66272
4.1,1.11.1,8372
4.1,1.11,283559
4.1,1.10rc1,395
4.1,1.10b1,373
4.1,1.10a1,387
4.1,1.10.8,28632
4.1,1.10.7,1978
4.1,1.10.6,3405
4.1,1.10.5,5642
4.1,1.10.4,4348
4.1,1.10.3,6671
4.1,1.10.2,6638
4.1,1.10.1,2449
4.1,1.10,5390
4.1,1.1.4,324
4.1,1.1.3,395
pre_release,version,downloads_count
4.0,4.0rc1,11179
4.0,4.0b1,21057
4.0,4.0a1,23366
4.0,3.2rc1,614
4.0,3.2b1,469
4.0,3.2a1,632
4.0,3.2.9,2349833
4.0,3.2.8,2164092
4.0,3.2.7,1716492
4.0,3.2.6,471821
4.0,3.2.5,630134
4.0,3.2.4,290324
4.0,3.2.3,189816
4.0,3.2.2,57930
4.0,3.2.10,6738
4.0,3.2.1,30536
4.0,3.2,296110
4.0,3.1rc1,424
4.0,3.1b1,600
4.0,3.1a1,1023
4.0,3.1.9,15771
4.0,3.1.8,60167
4.0,3.1.7,326914
4.0,3.1.6,150738
4.0,3.1.5,278471
4.0,3.1.4,182657
4.0,3.1.3,122154
4.0,3.1.2,109895
4.0,3.1.14,554
4.0,3.1.13,747259
4.0,3.1.12,101348
4.0,3.1.11,30397
4.0,3.1.10,16483
4.0,3.1.1,118298
4.0,3.1,157953
4.0,3.0rc1,5002
4.0,3.0b1,347
4.0,3.0a1,581
4.0,3.0.9,102110
4.0,3.0.8,124700
4.0,3.0.7,86833
4.0,3.0.6,94130
4.0,3.0.5,142958
4.0,3.0.4,79109
4.0,3.0.3,54090
4.0,3.0.2,39869
4.0,3.0.14,290284
4.0,3.0.13,11805
4.0,3.0.12,21163
4.0,3.0.11,24060
4.0,3.0.10,56295
4.0,3.0.1,18859
4.0,3.0,108316
4.0,2.2rc1,350
4.0,2.2b1,371
4.0,2.2a1,349
4.0,2.2.9,45491
4.0,2.2.8,24546
4.0,2.2.7,79688
4.0,2.2.6,56562
4.0,2.2.5,48398
4.0,2.2.4,69889
4.0,2.2.3,58703
4.0,2.2.25,994
4.0,2.2.24,1721027
4.0,2.2.23,38986
4.0,2.2.22,10797
4.0,2.2.21,76959
4.0,2.2.20,70547
4.0,2.2.2,35579
4.0,2.2.19,62465
4.0,2.2.18,31675
4.0,2.2.17,76415
4.0,2.2.16,89144
4.0,2.2.15,23024
4.0,2.2.14,28996
4.0,2.2.13,68794
4.0,2.2.12,177014
4.0,2.2.11,43448
4.0,2.2.10,71723
4.0,2.2.1,234961
4.0,2.2,205857
4.0,2.1rc1,188
4.0,2.1b1,262
4.0,2.1a1,202
4.0,2.1.9,2186
4.0,2.1.8,105023
4.0,2.1.7,49909
4.0,2.1.5,34757
4.0,2.1.4,11842
4.0,2.1.3,13344
4.0,2.1.2,14897
4.0,2.1.15,170454
4.0,2.1.14,2509
4.0,2.1.13,3655
4.0,2.1.12,2253
4.0,2.1.11,4716
4.0,2.1.10,9756
4.0,2.1.1,158211
4.0,2.1,37408
4.0,2.0rc1,191
4.0,2.0b1,180
4.0,2.0a1,210
4.0,2.0.9,3487
4.0,2.0.8,5078
4.0,2.0.7,15535
4.0,2.0.6,10518
4.0,2.0.5,9491
4.0,2.0.4,7677
4.0,2.0.3,11163
4.0,2.0.2,19710
4.0,2.0.13,69906
4.0,2.0.12,2944
4.0,2.0.10,3004
4.0,2.0.1,7932
4.0,2.0,43227
4.0,1.9rc2,183
4.0,1.9rc1,167
4.0,1.9b1,164
4.0,1.9a1,171
4.0,1.9.9,1898
4.0,1.9.8,2291
4.0,1.9.7,31094
4.0,1.9.6,6403
4.0,1.9.5,4950
4.0,1.9.4,2654
4.0,1.9.3,1564
4.0,1.9.2,3855
4.0,1.9.13,65387
4.0,1.9.12,2788
4.0,1.9.11,1587
4.0,1.9.10,1615
4.0,1.9.1,2259
4.0,1.9,6366
4.0,1.8c1,166
4.0,1.8b2,175
4.0,1.8b1,167
4.0,1.8a1,161
4.0,1.8.9,1880
4.0,1.8.8,2107
4.0,1.8.7,4188
4.0,1.8.6,32669
4.0,1.8.5,2455
4.0,1.8.4,9028
4.0,1.8.3,15178
4.0,1.8.2,8456
4.0,1.8.19,35749
4.0,1.8.18,15510
4.0,1.8.17,4815
4.0,1.8.16,1690
4.0,1.8.15,4652
4.0,1.8.14,5676
4.0,1.8.13,46049
4.0,1.8.12,4803
4.0,1.8.11,1467
4.0,1.8.10,990
4.0,1.8.1,1583
4.0,1.8,13261
4.0,1.7.9,1346
4.0,1.7.8,1116
4.0,1.7.7,124538
4.0,1.7.6,999
4.0,1.7.5,896
4.0,1.7.4,2178
4.0,1.7.3,1326
4.0,1.7.2,1440
4.0,1.7.11,11199
4.0,1.7.10,945
4.0,1.7.1,4534
4.0,1.7,7024
4.0,1.6.9,496
4.0,1.6.8,1927
4.0,1.6.7,1160
4.0,1.6.6,1185
4.0,1.6.5,7762
4.0,1.6.4,1013
4.0,1.6.3,1236
4.0,1.6.2,2463
4.0,1.6.11,18692
4.0,1.6.10,2152
4.0,1.6.1,3923
4.0,1.6,4260
4.0,1.5.9,345
4.0,1.5.8,1044
4.0,1.5.7,627
4.0,1.5.6,322
4.0,1.5.5,3380
4.0,1.5.4,2110
4.0,1.5.3,312
4.0,1.5.2,848
4.0,1.5.12,3206
4.0,1.5.11,750
4.0,1.5.10,360
4.0,1.5.1,4537
4.0,1.5,2154
4.0,1.4.9,393
4.0,1.4.8,307
4.0,1.4.7,300
4.0,1.4.6,384
4.0,1.4.5,1521
4.0,1.4.4,303
4.0,1.4.3,964
4.0,1.4.22,8750
4.0,1.4.21,479
4.0,1.4.20,627
4.0,1.4.2,1506
4.0,1.4.19,340
4.0,1.4.18,437
4.0,1.4.17,309
4.0,1.4.16,470
4.0,1.4.15,460
4.0,1.4.14,304
4.0,1.4.13,19727
4.0,1.4.12,312
4.0,1.4.11,922
4.0,1.4.10,646
4.0,1.4.1,2219
4.0,1.4,2533
4.0,1.3.7,1102
4.0,1.3.6,316
4.0,1.3.5,343
4.0,1.3.4,361
4.0,1.3.3,304
4.0,1.3.2,315
4.0,1.3.1,1935
4.0,1.3,3123
4.0,1.2.7,674
4.0,1.2.6,297
4.0,1.2.5,1433
4.0,1.2.4,740
4.0,1.2.3,630
4.0,1.2.2,302
4.0,1.2.1,1187
4.0,1.2,635
4.0,1.11rc1,683
4.0,1.11b1,175
4.0,1.11a1,178
4.0,1.11.9,5795
4.0,1.11.8,4818
4.0,1.11.7,38516
4.0,1.11.6,14114
4.0,1.11.5,10475
4.0,1.11.4,7637
4.0,1.11.3,11009
4.0,1.11.29,531537
4.0,1.11.28,93766
4.0,1.11.27,16641
4.0,1.11.26,12752
4.0,1.11.25,4818
4.0,1.11.24,5899
4.0,1.11.23,16348
4.0,1.11.22,5097
4.0,1.11.21,4880
4.0,1.11.20,51316
4.0,1.11.2,180986
4.0,1.11.19,18
4.0,1.11.18,30893
4.0,1.11.17,22697
4.0,1.11.16,8874
4.0,1.11.15,12633
4.0,1.11.14,7116
4.0,1.11.13,7970
4.0,1.11.12,5006
4.0,1.11.11,10698
4.0,1.11.10,23921
4.0,1.11.1,8869
4.0,1.11,118514
4.0,1.10rc1,357
4.0,1.10b1,377
4.0,1.10a1,359
4.0,1.10.8,49514
4.0,1.10.7,3373
4.0,1.10.6,4973
4.0,1.10.5,6837
4.0,1.10.4,5576
4.0,1.10.3,18120
4.0,1.10.2,17793
4.0,1.10.1,3311
4.0,1.10,7440
4.0,1.1.4,466
4.0,1.1.3,1299
pre_release,version,downloads_count
3.2,3.2rc1,18031
3.2,3.2b1,25450
3.2,3.2a1,26290
3.2,3.1rc1,698
3.2,3.1b1,1236
3.2,3.1a1,1721
3.2,3.1.8,6479
3.2,3.1.7,2427222
3.2,3.1.6,1152131
3.2,3.1.5,1028378
3.2,3.1.4,394710
3.2,3.1.3,523764
3.2,3.1.2,294327
3.2,3.1.1,231458
3.2,3.1,311914
3.2,3.0rc1,1569
3.2,3.0b1,757
3.2,3.0a1,820
3.2,3.0.9,97910
3.2,3.0.8,343501
3.2,3.0.7,254854
3.2,3.0.6,138641
3.2,3.0.5,171798
3.2,3.0.4,440004
3.2,3.0.3,92479
3.2,3.0.2,73644
3.2,3.0.14,632
3.2,3.0.13,182654
3.2,3.0.12,123440
3.2,3.0.11,166514
3.2,3.0.10,73173
3.2,3.0.1,33610
3.2,3.0,101544
3.2,2.2rc1,516
3.2,2.2b1,610
3.2,2.2a1,541
3.2,2.2.9,73322
3.2,2.2.8,53212
3.2,2.2.7,95777
3.2,2.2.6,90417
3.2,2.2.5,94569
3.2,2.2.4,100435
3.2,2.2.3,70549
3.2,2.2.20,1441
3.2,2.2.2,56137
3.2,2.2.19,688452
3.2,2.2.18,637263
3.2,2.2.17,469358
3.2,2.2.16,308363
3.2,2.2.15,97596
3.2,2.2.14,81287
3.2,2.2.13,327854
3.2,2.2.12,155725
3.2,2.2.11,56502
3.2,2.2.10,80486
3.2,2.2.1,260400
3.2,2.2,252144
3.2,2.1rc1,255
3.2,2.1b1,494
3.2,2.1a1,332
3.2,2.1.9,3953
3.2,2.1.8,8958
3.2,2.1.7,696851
3.2,2.1.5,48461
3.2,2.1.4,14181
3.2,2.1.3,24174
3.2,2.1.2,34717
3.2,2.1.15,226150
3.2,2.1.14,4310
3.2,2.1.13,5236
3.2,2.1.12,2292
3.2,2.1.11,8183
3.2,2.1.10,5368
3.2,2.1.1,126294
3.2,2.1,40194
3.2,2.0rc1,334
3.2,2.0b1,325
3.2,2.0a1,367
3.2,2.0.9,5090
3.2,2.0.8,7444
3.2,2.0.7,129538
3.2,2.0.6,10979
3.2,2.0.5,14047
3.2,2.0.4,17286
3.2,2.0.3,19498
3.2,2.0.2,15642
3.2,2.0.13,172374
3.2,2.0.12,4973
3.2,2.0.10,3501
3.2,2.0.1,8505
3.2,2.0,44148
3.2,1.9rc2,261
3.2,1.9rc1,278
3.2,1.9b1,227
3.2,1.9a1,246
3.2,1.9.9,2206
3.2,1.9.8,2939
3.2,1.9.7,237652
3.2,1.9.6,6285
3.2,1.9.5,24818
3.2,1.9.4,4015
3.2,1.9.3,1399
3.2,1.9.2,4162
3.2,1.9.13,836499
3.2,1.9.12,3179
3.2,1.9.11,845
3.2,1.9.10,1836
3.2,1.9.1,2384
3.2,1.9,21155
3.2,1.8c1,235
3.2,1.8b2,243
3.2,1.8b1,238
3.2,1.8a1,220
3.2,1.8.9,1944
3.2,1.8.8,3373
3.2,1.8.7,3849
3.2,1.8.6,5883
3.2,1.8.5,56765
3.2,1.8.4,12208
3.2,1.8.3,14007
3.2,1.8.2,9642
3.2,1.8.19,51579
3.2,1.8.18,12250
3.2,1.8.17,5415
3.2,1.8.16,2134
3.2,1.8.15,5670
3.2,1.8.14,4613
3.2,1.8.13,74482
3.2,1.8.12,4813
3.2,1.8.11,1831
3.2,1.8.10,1129
3.2,1.8.1,1944
3.2,1.8,23610
3.2,1.7.9,1219
3.2,1.7.8,1179
3.2,1.7.7,137225
3.2,1.7.6,1040
3.2,1.7.5,1192
3.2,1.7.4,2005
3.2,1.7.3,1200
3.2,1.7.2,1228
3.2,1.7.11,8286
3.2,1.7.10,1156
3.2,1.7.1,3961
3.2,1.7,4422
3.2,1.6.9,556
3.2,1.6.8,1346
3.2,1.6.7,2137
3.2,1.6.6,1537
3.2,1.6.5,2797
3.2,1.6.4,5722
3.2,1.6.3,1092
3.2,1.6.2,4732
3.2,1.6.11,20940
3.2,1.6.10,1992
3.2,1.6.1,4507
3.2,1.6,4206
3.2,1.5.9,309
3.2,1.5.8,1314
3.2,1.5.7,449
3.2,1.5.6,288
3.2,1.5.5,3393
3.2,1.5.4,9818
3.2,1.5.3,301
3.2,1.5.2,777
3.2,1.5.12,4570
3.2,1.5.11,700
3.2,1.5.10,361
3.2,1.5.1,2465
3.2,1.5,1682
3.2,1.4.9,414
3.2,1.4.8,358
3.2,1.4.7,277
3.2,1.4.6,344
3.2,1.4.5,1344
3.2,1.4.4,279
3.2,1.4.3,764
3.2,1.4.22,7273
3.2,1.4.21,641
3.2,1.4.20,651
3.2,1.4.2,1472
3.2,1.4.19,358
3.2,1.4.18,450
3.2,1.4.17,294
3.2,1.4.16,455
3.2,1.4.15,382
3.2,1.4.14,282
3.2,1.4.13,984
3.2,1.4.12,280
3.2,1.4.11,797
3.2,1.4.10,339
3.2,1.4.1,1428
3.2,1.4,2318
3.2,1.3.7,1184
3.2,1.3.6,302
3.2,1.3.5,296
3.2,1.3.4,380
3.2,1.3.3,285
3.2,1.3.2,292
3.2,1.3.1,1996
3.2,1.3,5068
3.2,1.2.7,481
3.2,1.2.6,280
3.2,1.2.5,1187
3.2,1.2.4,714
3.2,1.2.3,567
3.2,1.2.2,280
3.2,1.2.1,980
3.2,1.2,742
3.2,1.11rc1,659
3.2,1.11b1,249
3.2,1.11a1,246
3.2,1.11.9,8854
3.2,1.11.8,7785
3.2,1.11.7,45406
3.2,1.11.6,22833
3.2,1.11.5,10142
3.2,1.11.4,8923
3.2,1.11.3,13466
3.2,1.11.29,733753
3.2,1.11.28,77259
3.2,1.11.27,22846
3.2,1.11.26,16687
3.2,1.11.25,9539
3.2,1.11.24,10355
3.2,1.11.23,21875
3.2,1.11.22,8528
3.2,1.11.21,6355
3.2,1.11.20,74983
3.2,1.11.2,419977
3.2,1.11.19,27
3.2,1.11.18,17983
3.2,1.11.17,32435
3.2,1.11.16,15725
3.2,1.11.15,12810
3.2,1.11.14,8934
3.2,1.11.13,8792
3.2,1.11.12,7341
3.2,1.11.11,17314
3.2,1.11.10,26549
3.2,1.11.1,14023
3.2,1.11,102279
3.2,1.10rc1,636
3.2,1.10b1,627
3.2,1.10a1,619
3.2,1.10.8,24409
3.2,1.10.7,4646
3.2,1.10.6,18587
3.2,1.10.5,8911
3.2,1.10.4,6681
3.2,1.10.3,9744
3.2,1.10.2,17455
3.2,1.10.1,3322
3.2,1.10,13238
3.2,1.1.4,473
3.2,1.1.3,598
pre_release,version,downloads_count
3.1,3.1rc1,13966
3.1,3.1b1,28958
3.1,3.1a1,27668
3.1,3.0rc1,975
3.1,3.0b1,1025
3.1,3.0a1,872
3.1,3.0.9,46129
3.1,3.0.8,1316443
3.1,3.0.7,1457988
3.1,3.0.6,1017303
3.1,3.0.5,331566
3.1,3.0.4,220224
3.1,3.0.3,200859
3.1,3.0.2,127147
3.1,3.0.1,50062
3.1,3.0,109495
3.1,2.2rc1,722
3.1,2.2b1,823
3.1,2.2a1,804
3.1,2.2.9,103792
3.1,2.2.8,82878
3.1,2.2.7,116118
3.1,2.2.6,117545
3.1,2.2.5,113782
3.1,2.2.4,143372
3.1,2.2.3,101701
3.1,2.2.2,65911
3.1,2.2.15,16272
3.1,2.2.14,595325
3.1,2.2.13,1233356
3.1,2.2.12,693242
3.1,2.2.11,218747
3.1,2.2.10,290704
3.1,2.2.1,80000
3.1,2.2,268343
3.1,2.1rc1,355
3.1,2.1b1,602
3.1,2.1a1,497
3.1,2.1.9,7250
3.1,2.1.8,23278
3.1,2.1.7,84772
3.1,2.1.5,81618
3.1,2.1.4,20575
3.1,2.1.3,44730
3.1,2.1.2,35910
3.1,2.1.15,269237
3.1,2.1.14,6129
3.1,2.1.13,5055
3.1,2.1.12,2758
3.1,2.1.11,19553
3.1,2.1.10,11070
3.1,2.1.1,44626
3.1,2.1,67593
3.1,2.0rc1,514
3.1,2.0b1,511
3.1,2.0a1,534
3.1,2.0.9,7914
3.1,2.0.8,9790
3.1,2.0.7,31117
3.1,2.0.6,21856
3.1,2.0.5,20283
3.1,2.0.4,33687
3.1,2.0.3,25417
3.1,2.0.2,33343
3.1,2.0.13,199294
3.1,2.0.12,3474
3.1,2.0.10,6290
3.1,2.0.1,15212
3.1,2.0,57035
3.1,1.9rc2,346
3.1,1.9rc1,415
3.1,1.9b1,336
3.1,1.9a1,343
3.1,1.9.9,6685
3.1,1.9.8,3659
3.1,1.9.7,22844
3.1,1.9.6,4520
3.1,1.9.5,26758
3.1,1.9.4,5122
3.1,1.9.3,1590
3.1,1.9.2,4923
3.1,1.9.13,163996
3.1,1.9.12,9095
3.1,1.9.11,1691
3.1,1.9.10,1779
3.1,1.9.1,2949
3.1,1.9,86426
3.1,1.8c1,347
3.1,1.8b2,325
3.1,1.8b1,330
3.1,1.8a1,325
3.1,1.8.9,1893
3.1,1.8.8,2742
3.1,1.8.7,8454
3.1,1.8.6,7336
3.1,1.8.5,8385
3.1,1.8.4,13591
3.1,1.8.3,8247
3.1,1.8.2,28378
3.1,1.8.19,69044
3.1,1.8.18,13647
3.1,1.8.17,10630
3.1,1.8.16,4463
3.1,1.8.15,9277
3.1,1.8.14,4377
3.1,1.8.13,48449
3.1,1.8.12,3922
3.1,1.8.11,1916
3.1,1.8.10,1360
3.1,1.8.1,1873
3.1,1.8,31826
3.1,1.7.9,1186
3.1,1.7.8,2155
3.1,1.7.7,108281
3.1,1.7.6,1417
3.1,1.7.5,1103
3.1,1.7.4,2249
3.1,1.7.3,1481
3.1,1.7.2,1954
3.1,1.7.11,19401
3.1,1.7.10,1589
3.1,1.7.1,5037
3.1,1.7,5642
3.1,1.6.9,689
3.1,1.6.8,1439
3.1,1.6.7,2021
3.1,1.6.6,1366
3.1,1.6.5,4069
3.1,1.6.4,5799
3.1,1.6.3,1521
3.1,1.6.2,2122
3.1,1.6.11,43121
3.1,1.6.10,3093
3.1,1.6.1,4187
3.1,1.6,11939
3.1,1.5.9,435
3.1,1.5.8,1531
3.1,1.5.7,409
3.1,1.5.6,708
3.1,1.5.5,3982
3.1,1.5.4,13174
3.1,1.5.3,350
3.1,1.5.2,1148
3.1,1.5.12,9055
3.1,1.5.11,799
3.1,1.5.10,438
3.1,1.5.1,2822
3.1,1.5,2442
3.1,1.4.9,612
3.1,1.4.8,418
3.1,1.4.7,352
3.1,1.4.6,369
3.1,1.4.5,2256
3.1,1.4.4,352
3.1,1.4.3,1317
3.1,1.4.22,9894
3.1,1.4.21,529
3.1,1.4.20,1989
3.1,1.4.2,2190
3.1,1.4.19,363
3.1,1.4.18,484
3.1,1.4.17,353
3.1,1.4.16,517
3.1,1.4.15,470
3.1,1.4.14,343
3.1,1.4.13,595
3.1,1.4.12,356
3.1,1.4.11,1437
3.1,1.4.10,736
3.1,1.4.1,1738
3.1,1.4,2672
3.1,1.3.7,1671
3.1,1.3.6,389
3.1,1.3.5,436
3.1,1.3.4,371
3.1,1.3.3,361
3.1,1.3.2,347
3.1,1.3.1,1633
3.1,1.3,2294
3.1,1.2.7,1003
3.1,1.2.6,337
3.1,1.2.5,588
3.1,1.2.4,579
3.1,1.2.3,552
3.1,1.2.2,345
3.1,1.2.1,862
3.1,1.2,1602
3.1,1.11rc1,994
3.1,1.11b1,393
3.1,1.11a1,327
3.1,1.11.9,13299
3.1,1.11.8,12033
3.1,1.11.7,47176
3.1,1.11.6,25234
3.1,1.11.5,27135
3.1,1.11.4,12831
3.1,1.11.3,18434
3.1,1.11.29,857236
3.1,1.11.28,248095
3.1,1.11.27,38492
3.1,1.11.26,50948
3.1,1.11.25,12957
3.1,1.11.24,19172
3.1,1.11.23,103846
3.1,1.11.22,23711
3.1,1.11.21,14575
3.1,1.11.20,82597
3.1,1.11.2,231978
3.1,1.11.19,19
3.1,1.11.18,20881
3.1,1.11.17,36860
3.1,1.11.16,16920
3.1,1.11.15,29426
3.1,1.11.14,13661
3.1,1.11.13,17692
3.1,1.11.12,8447
3.1,1.11.11,12066
3.1,1.11.10,26524
3.1,1.11.1,24752
3.1,1.11,203362
3.1,1.10rc1,985
3.1,1.10b1,988
3.1,1.10a1,975
3.1,1.10.8,628397
3.1,1.10.7,5830
3.1,1.10.6,42186
3.1,1.10.5,14590
3.1,1.10.4,11666
3.1,1.10.3,8858
3.1,1.10.2,21032
3.1,1.10.1,4650
3.1,1.10,16102
3.1,1.1.4,627
3.1,1.1.3,791
pre_release,version,downloads_count
3.0,3.0rc1,12236
3.0,3.0b1,27319
3.0,3.0a1,24853
3.0,2.2rc1,1157
3.0,2.2b1,2377
3.0,2.2a1,1340
3.0,2.2.8,6437
3.0,2.2.7,1053105
3.0,2.2.6,1483251
3.0,2.2.5,1062072
3.0,2.2.4,568210
3.0,2.2.3,201066
3.0,2.2.2,143554
3.0,2.2.1,164242
3.0,2.2,231080
3.0,2.1rc1,291
3.0,2.1b1,641
3.0,2.1a1,302
3.0,2.1.9,22005
3.0,2.1.8,52695
3.0,2.1.7,158304
3.0,2.1.5,123549
3.0,2.1.4,39942
3.0,2.1.3,56928
3.0,2.1.2,70588
3.0,2.1.15,406
3.0,2.1.14,56282
3.0,2.1.13,113148
3.0,2.1.12,63169
3.0,2.1.11,95602
3.0,2.1.10,40584
3.0,2.1.1,235745
3.0,2.1,100680
3.0,2.0rc1,325
3.0,2.0b1,329
3.0,2.0a1,314
3.0,2.0.9,18832
3.0,2.0.8,16150
3.0,2.0.7,52572
3.0,2.0.6,41993
3.0,2.0.5,41669
3.0,2.0.4,43161
3.0,2.0.3,34165
3.0,2.0.2,31737
3.0,2.0.13,181821
3.0,2.0.12,14070
3.0,2.0.10,8213
3.0,2.0.1,26590
3.0,2.0,64494
3.0,1.9rc2,334
3.0,1.9rc1,336
3.0,1.9b1,329
3.0,1.9a1,341
3.0,1.9.9,36867
3.0,1.9.8,6050
3.0,1.9.7,15356
3.0,1.9.6,7438
3.0,1.9.5,19738
3.0,1.9.4,11931
3.0,1.9.3,2143
3.0,1.9.2,7929
3.0,1.9.13,64735
3.0,1.9.12,7207
3.0,1.9.11,2293
3.0,1.9.10,1831
3.0,1.9.1,6540
3.0,1.9,48422
3.0,1.8c1,356
3.0,1.8b2,340
3.0,1.8b1,329
3.0,1.8a1,343
3.0,1.8.9,1925
3.0,1.8.8,6709
3.0,1.8.7,5840
3.0,1.8.6,6906
3.0,1.8.5,5020
3.0,1.8.4,32563
3.0,1.8.3,16260
3.0,1.8.2,11752
3.0,1.8.19,130162
3.0,1.8.18,29633
3.0,1.8.17,19468
3.0,1.8.16,4248
3.0,1.8.15,7055
3.0,1.8.14,4776
3.0,1.8.13,9866
3.0,1.8.12,4402
3.0,1.8.11,4462
3.0,1.8.10,2021
3.0,1.8.1,3253
3.0,1.8,29753
3.0,1.7.9,1124
3.0,1.7.8,1899
3.0,1.7.7,46815
3.0,1.7.6,1590
3.0,1.7.5,1580
3.0,1.7.4,2634
3.0,1.7.3,2517
3.0,1.7.2,1498
3.0,1.7.11,21042
3.0,1.7.10,1351
3.0,1.7.1,16010
3.0,1.7,11826
3.0,1.6.9,739
3.0,1.6.8,1886
3.0,1.6.7,2058
3.0,1.6.6,1851
3.0,1.6.5,8102
3.0,1.6.4,4076
3.0,1.6.3,1719
3.0,1.6.2,2866
3.0,1.6.11,162608
3.0,1.6.10,3060
3.0,1.6.1,8383
3.0,1.6,7560
3.0,1.5.9,400
3.0,1.5.8,1835
3.0,1.5.7,348
3.0,1.5.6,325
3.0,1.5.5,5189
3.0,1.5.4,13038
3.0,1.5.3,828
3.0,1.5.2,1175
3.0,1.5.12,6824
3.0,1.5.11,695
3.0,1.5.10,736
3.0,1.5.1,2847
3.0,1.5,3020
3.0,1.4.9,1143
3.0,1.4.8,478
3.0,1.4.7,333
3.0,1.4.6,333
3.0,1.4.5,1791
3.0,1.4.4,336
3.0,1.4.3,1364
3.0,1.4.22,4700
3.0,1.4.21,1311
3.0,1.4.20,796
3.0,1.4.2,1514
3.0,1.4.19,380
3.0,1.4.18,350
3.0,1.4.17,323
3.0,1.4.16,577
3.0,1.4.15,534
3.0,1.4.14,323
3.0,1.4.13,6280
3.0,1.4.12,331
3.0,1.4.11,405
3.0,1.4.10,605
3.0,1.4.1,2250
3.0,1.4,3494
3.0,1.3.7,905
3.0,1.3.6,346
3.0,1.3.5,404
3.0,1.3.4,426
3.0,1.3.3,340
3.0,1.3.2,379
3.0,1.3.1,2020
3.0,1.3,2255
3.0,1.2.7,1014
3.0,1.2.6,351
3.0,1.2.5,587
3.0,1.2.4,444
3.0,1.2.3,467
3.0,1.2.2,337
3.0,1.2.1,614
3.0,1.2,2375
3.0,1.11rc1,608
3.0,1.11b1,418
3.0,1.11a1,352
3.0,1.11.9,16809
3.0,1.11.8,26193
3.0,1.11.7,57826
3.0,1.11.6,38381
3.0,1.11.5,31808
3.0,1.11.4,36364
3.0,1.11.3,29154
3.0,1.11.26,341833
3.0,1.11.25,398131
3.0,1.11.24,326241
3.0,1.11.23,348818
3.0,1.11.22,62527
3.0,1.11.21,37997
3.0,1.11.20,182740
3.0,1.11.2,30082
3.0,1.11.19,7
3.0,1.11.18,120076
3.0,1.11.17,50514
3.0,1.11.16,41630
3.0,1.11.15,52433
3.0,1.11.14,23757
3.0,1.11.13,402520
3.0,1.11.12,13851
3.0,1.11.11,23778
3.0,1.11.10,31801
3.0,1.11.1,28670
3.0,1.11,148304
3.0,1.10rc1,614
3.0,1.10b1,645
3.0,1.10a1,613
3.0,1.10.8,55924
3.0,1.10.7,6550
3.0,1.10.6,13334
3.0,1.10.5,17577
3.0,1.10.4,8307
3.0,1.10.3,11041
3.0,1.10.2,16419
3.0,1.10.1,5238
3.0,1.10,34210
3.0,1.1.4,606
3.0,1.1.3,1271
pre_release,version,downloads_count
2.2,2.2rc1,13621
2.2,2.2b1,36193
2.2,2.2a1,22729
2.2,2.1rc1,337
2.2,2.1b1,646
2.2,2.1a1,495
2.2,2.1.8,6908
2.2,2.1.7,1395960
2.2,2.1.6,9292
2.2,2.1.5,859656
2.2,2.1.4,118835
2.2,2.1.3,124397
2.2,2.1.2,126951
2.2,2.1.1,88784
2.2,2.1,125103
2.2,2.0rc1,318
2.2,2.0b1,350
2.2,2.0a1,303
2.2,2.0.9,50425
2.2,2.0.8,39235
2.2,2.0.7,67632
2.2,2.0.6,56804
2.2,2.0.5,65863
2.2,2.0.4,41158
2.2,2.0.3,37286
2.2,2.0.2,37855
2.2,2.0.13,135632
2.2,2.0.12,7982
2.2,2.0.11,1398
2.2,2.0.10,106444
2.2,2.0.1,38935
2.2,2.0,77601
2.2,1.9rc2,327
2.2,1.9rc1,322
2.2,1.9b1,284
2.2,1.9a1,270
2.2,1.9.9,11405
2.2,1.9.8,6457
2.2,1.9.7,14285
2.2,1.9.6,11706
2.2,1.9.5,40845
2.2,1.9.4,15033
2.2,1.9.3,2629
2.2,1.9.2,10576
2.2,1.9.13,55258
2.2,1.9.12,6515
2.2,1.9.11,3289
2.2,1.9.10,4086
2.2,1.9.1,12445
2.2,1.9,35826
2.2,1.8c1,370
2.2,1.8b2,327
2.2,1.8b1,373
2.2,1.8a1,367
2.2,1.8.9,2900
2.2,1.8.8,7961
2.2,1.8.7,5258
2.2,1.8.6,7812
2.2,1.8.5,5843
2.2,1.8.4,20385
2.2,1.8.3,10642
2.2,1.8.2,10840
2.2,1.8.19,159447
2.2,1.8.18,28941
2.2,1.8.17,21791
2.2,1.8.16,6269
2.2,1.8.15,6903
2.2,1.8.14,8344
2.2,1.8.13,51076
2.2,1.8.12,4057
2.2,1.8.11,3516
2.2,1.8.10,1969
2.2,1.8.1,3703
2.2,1.8,28376
2.2,1.7.9,3671
2.2,1.7.8,3050
2.2,1.7.7,108949
2.2,1.7.6,2694
2.2,1.7.5,1690
2.2,1.7.4,3097
2.2,1.7.3,5429
2.2,1.7.2,2044
2.2,1.7.11,16942
2.2,1.7.10,2007
2.2,1.7.1,14893
2.2,1.7,8651
2.2,1.6.9,943
2.2,1.6.8,2010
2.2,1.6.7,2225
2.2,1.6.6,1776
2.2,1.6.5,51158
2.2,1.6.4,4130
2.2,1.6.3,1117
2.2,1.6.2,3610
2.2,1.6.11,35432
2.2,1.6.10,2496
2.2,1.6.1,6964
2.2,1.6,8418
2.2,1.5.9,1299
2.2,1.5.8,2661
2.2,1.5.7,404
2.2,1.5.6,406
2.2,1.5.5,3800
2.2,1.5.4,13729
2.2,1.5.3,361
2.2,1.5.2,1044
2.2,1.5.12,7985
2.2,1.5.11,673
2.2,1.5.10,1116
2.2,1.5.1,7310
2.2,1.5,3120
2.2,1.4.9,867
2.2,1.4.8,578
2.2,1.4.7,448
2.2,1.4.6,464
2.2,1.4.5,1913
2.2,1.4.4,418
2.2,1.4.3,1126
2.2,1.4.22,5006
2.2,1.4.21,851
2.2,1.4.20,669
2.2,1.4.2,1754
2.2,1.4.19,576
2.2,1.4.18,469
2.2,1.4.17,411
2.2,1.4.16,574
2.2,1.4.15,936
2.2,1.4.14,456
2.2,1.4.13,7328
2.2,1.4.12,415
2.2,1.4.11,496
2.2,1.4.10,787
2.2,1.4.1,1956
2.2,1.4,3058
2.2,1.3.7,967
2.2,1.3.6,436
2.2,1.3.5,451
2.2,1.3.4,422
2.2,1.3.3,369
2.2,1.3.2,382
2.2,1.3.1,1776
2.2,1.3,2043
2.2,1.2.7,912
2.2,1.2.6,338
2.2,1.2.5,719
2.2,1.2.4,401
2.2,1.2.3,433
2.2,1.2.2,327
2.2,1.2.1,474
2.2,1.2,1649
2.2,1.11rc1,562
2.2,1.11b1,463
2.2,1.11a1,352
2.2,1.11.9,31492
2.2,1.11.8,34965
2.2,1.11.7,70958
2.2,1.11.6,45032
2.2,1.11.5,41724
2.2,1.11.4,28093
2.2,1.11.3,40787
2.2,1.11.20,650355
2.2,1.11.2,34910
2.2,1.11.19,4793
2.2,1.11.18,521034
2.2,1.11.17,46186
2.2,1.11.16,130707
2.2,1.11.15,99594
2.2,1.11.14,82638
2.2,1.11.13,94962
2.2,1.11.12,25035
2.2,1.11.11,32531
2.2,1.11.10,58536
2.2,1.11.1,37763
2.2,1.11,152712
2.2,1.10rc1,611
2.2,1.10b1,744
2.2,1.10a1,593
2.2,1.10.8,73702
2.2,1.10.7,17312
2.2,1.10.6,18344
2.2,1.10.5,29290
2.2,1.10.4,14746
2.2,1.10.3,15275
2.2,1.10.2,16580
2.2,1.10.1,12044
2.2,1.10,50492
2.2,1.1.4,825
2.2,1.1.3,635
pre_release,version,downloads_count
2.1,2.1rc1,2273
2.1,2.1b1,2494
2.1,2.1a1,3758
2.1,2.0rc1,116
2.1,2.0b1,185
2.1,2.0a1,103
2.1,2.0.8,526
2.1,2.0.7,178011
2.1,2.0.6,178866
2.1,2.0.5,132308
2.1,2.0.4,56940
2.1,2.0.3,26305
2.1,2.0.2,25273
2.1,2.0.1,21444
2.1,2.0,30041
2.1,1.9rc2,76
2.1,1.9rc1,90
2.1,1.9b1,76
2.1,1.9a1,77
2.1,1.9.9,3324
2.1,1.9.8,2451
2.1,1.9.7,12015
2.1,1.9.6,3969
2.1,1.9.5,14506
2.1,1.9.4,4691
2.1,1.9.3,713
2.1,1.9.2,4140
2.1,1.9.13,25219
2.1,1.9.12,2508
2.1,1.9.11,1117
2.1,1.9.10,1327
2.1,1.9.1,4434
2.1,1.9,11916
2.1,1.8c1,81
2.1,1.8b2,75
2.1,1.8b1,73
2.1,1.8a1,79
2.1,1.8.9,1337
2.1,1.8.8,1637
2.1,1.8.7,3010
2.1,1.8.6,3097
2.1,1.8.5,2459
2.1,1.8.4,6759
2.1,1.8.3,5802
2.1,1.8.2,4322
2.1,1.8.19,33037
2.1,1.8.18,13520
2.1,1.8.17,8929
2.1,1.8.16,2767
2.1,1.8.15,1202
2.1,1.8.14,3481
2.1,1.8.13,21536
2.1,1.8.12,1114
2.1,1.8.11,1398
2.1,1.8.10,876
2.1,1.8.1,1643
2.1,1.8,13590
2.1,1.7.9,17021
2.1,1.7.8,1369
2.1,1.7.7,3383
2.1,1.7.6,1179
2.1,1.7.5,485
2.1,1.7.4,1529
2.1,1.7.3,1834
2.1,1.7.2,477
2.1,1.7.11,7464
2.1,1.7.10,437
2.1,1.7.1,1745
2.1,1.7,2684
2.1,1.6.9,358
2.1,1.6.8,627
2.1,1.6.7,891
2.1,1.6.6,750
2.1,1.6.5,6886
2.1,1.6.4,1447
2.1,1.6.3,370
2.1,1.6.2,1177
2.1,1.6.11,14484
2.1,1.6.10,463
2.1,1.6.1,967
2.1,1.6,5940
2.1,1.5.9,475
2.1,1.5.8,621
2.1,1.5.7,296
2.1,1.5.6,107
2.1,1.5.5,1587
2.1,1.5.4,2115
2.1,1.5.3,87
2.1,1.5.2,387
2.1,1.5.12,2679
2.1,1.5.11,254
2.1,1.5.10,177
2.1,1.5.1,2337
2.1,1.5,2694
2.1,1.4.9,111
2.1,1.4.8,144
2.1,1.4.7,80
2.1,1.4.6,105
2.1,1.4.5,1387
2.1,1.4.4,93
2.1,1.4.3,372
2.1,1.4.22,2005
2.1,1.4.21,269
2.1,1.4.20,229
2.1,1.4.2,516
2.1,1.4.19,123
2.1,1.4.18,93
2.1,1.4.17,98
2.1,1.4.16,131
2.1,1.4.15,315
2.1,1.4.14,108
2.1,1.4.13,2909
2.1,1.4.12,91
2.1,1.4.11,118
2.1,1.4.10,162
2.1,1.4.1,661
2.1,1.4,1101
2.1,1.3.7,583
2.1,1.3.6,95
2.1,1.3.5,120
2.1,1.3.4,89
2.1,1.3.3,87
2.1,1.3.2,84
2.1,1.3.1,627
2.1,1.3,703
2.1,1.2.7,235
2.1,1.2.6,87
2.1,1.2.5,134
2.1,1.2.4,109
2.1,1.2.3,172
2.1,1.2.2,90
2.1,1.2.1,121
2.1,1.2,289
2.1,1.11rc1,176
2.1,1.11b1,103
2.1,1.11a1,101
2.1,1.11.9,15835
2.1,1.11.8,13168
2.1,1.11.7,562940
2.1,1.11.6,16750
2.1,1.11.5,22834
2.1,1.11.4,15989
2.1,1.11.3,20625
2.1,1.11.2,16056
2.1,1.11.15,417
2.1,1.11.14,105670
2.1,1.11.13,202752
2.1,1.11.12,38859
2.1,1.11.11,62384
2.1,1.11.10,35697
2.1,1.11.1,13705
2.1,1.11,54850
2.1,1.10rc1,182
2.1,1.10b1,212
2.1,1.10a1,221
2.1,1.10.8,47070
2.1,1.10.7,7240
2.1,1.10.6,8205
2.1,1.10.5,17115
2.1,1.10.4,7609
2.1,1.10.3,6935
2.1,1.10.2,6514
2.1,1.10.1,3958
2.1,1.10,14057
2.1,1.1.4,184
2.1,1.1.3,187
pre_release,version,downloads_count
2.0,2.0rc1,3662
2.0,2.0b1,5917
2.0,2.0a1,3819
2.0,1.9rc2,173
2.0,1.9rc1,226
2.0,1.9b1,199
2.0,1.9a1,172
2.0,1.9.9,12586
2.0,1.9.8,7195
2.0,1.9.7,22436
2.0,1.9.6,12149
2.0,1.9.5,163540
2.0,1.9.4,14332
2.0,1.9.3,2323
2.0,1.9.2,34388
2.0,1.9.13,62131
2.0,1.9.12,16281
2.0,1.9.11,2353
2.0,1.9.10,4275
2.0,1.9.1,12180
2.0,1.9,22486
2.0,1.8c1,178
2.0,1.8b2,162
2.0,1.8b1,184
2.0,1.8a1,175
2.0,1.8.9,3241
2.0,1.8.8,4974
2.0,1.8.7,7147
2.0,1.8.6,6664
2.0,1.8.5,6500
2.0,1.8.4,17032
2.0,1.8.3,13704
2.0,1.8.2,10060
2.0,1.8.18,143793
2.0,1.8.17,34991
2.0,1.8.16,9075
2.0,1.8.15,14275
2.0,1.8.14,11029
2.0,1.8.13,26837
2.0,1.8.12,4990
2.0,1.8.11,4223
2.0,1.8.10,2658
2.0,1.8.1,4534
2.0,1.8,22407
2.0,1.7.9,1353
2.0,1.7.8,1910
2.0,1.7.7,3848
2.0,1.7.6,1145
2.0,1.7.5,1324
2.0,1.7.4,3206
2.0,1.7.3,3452
2.0,1.7.2,1587
2.0,1.7.11,16632
2.0,1.7.10,1988
2.0,1.7.1,6275
2.0,1.7,6874
2.0,1.6.9,846
2.0,1.6.8,1648
2.0,1.6.7,1724
2.0,1.6.6,2542
2.0,1.6.5,12568
2.0,1.6.4,4393
2.0,1.6.3,1025
2.0,1.6.2,3201
2.0,1.6.11,35380
2.0,1.6.10,1881
2.0,1.6.1,2164
2.0,1.6,8647
2.0,1.5.9,1228
2.0,1.5.8,1785
2.0,1.5.7,340
2.0,1.5.6,268
2.0,1.5.5,3367
2.0,1.5.4,2911
2.0,1.5.3,196
2.0,1.5.2,915
2.0,1.5.12,6238
2.0,1.5.11,497
2.0,1.5.10,454
2.0,1.5.1,10179
2.0,1.5,4838
2.0,1.4.9,321
2.0,1.4.8,269
2.0,1.4.7,231
2.0,1.4.6,250
2.0,1.4.5,5779
2.0,1.4.4,199
2.0,1.4.3,763
2.0,1.4.22,5575
2.0,1.4.21,493
2.0,1.4.20,374
2.0,1.4.2,1253
2.0,1.4.19,353
2.0,1.4.18,361
2.0,1.4.17,208
2.0,1.4.16,665
2.0,1.4.15,540
2.0,1.4.14,412
2.0,1.4.13,737
2.0,1.4.12,228
2.0,1.4.11,281
2.0,1.4.10,1993
2.0,1.4.1,8692
2.0,1.4,2321
2.0,1.3.7,1433
2.0,1.3.6,198
2.0,1.3.5,249
2.0,1.3.4,173
2.0,1.3.3,175
2.0,1.3.2,170
2.0,1.3.1,2950
2.0,1.3,1486
2.0,1.2.7,459
2.0,1.2.6,143
2.0,1.2.5,292
2.0,1.2.4,499
2.0,1.2.3,509
2.0,1.2.2,149
2.0,1.2.1,222
2.0,1.2,394
2.0,1.11rc1,586
2.0,1.11b1,408
2.0,1.11a1,341
2.0,1.11.8,854
2.0,1.11.7,386326
2.0,1.11.6,431158
2.0,1.11.5,282052
2.0,1.11.4,103188
2.0,1.11.3,64298
2.0,1.11.2,46104
2.0,1.11.1,39378
2.0,1.11,89985
2.0,1.10rc1,376
2.0,1.10b1,407
2.0,1.10a1,392
2.0,1.10.8,140114
2.0,1.10.7,43397
2.0,1.10.6,31619
2.0,1.10.5,49983
2.0,1.10.4,21785
2.0,1.10.3,26022
2.0,1.10.2,15548
2.0,1.10.1,11962
2.0,1.10,40286
2.0,1.1.4,384
2.0,1.1.3,265
pre_release,version,downloads_count
1.11,1.9rc2,477
1.11,1.9rc1,669
1.11,1.9b1,425
1.11,1.9a1,381
1.11,1.9.9,34983
1.11,1.9.8,19775
1.11,1.9.7,60932
1.11,1.9.6,38331
1.11,1.9.5,126689
1.11,1.9.4,31834
1.11,1.9.3,4098
1.11,1.9.2,35757
1.11,1.9.13,587
1.11,1.9.12,147722
1.11,1.9.11,26482
1.11,1.9.10,19480
1.11,1.9.1,17683
1.11,1.9,60303
1.11,1.8c1,424
1.11,1.8b2,352
1.11,1.8b1,359
1.11,1.8a1,380
1.11,1.8.9,8215
1.11,1.8.8,11969
1.11,1.8.7,22033
1.11,1.8.6,9751
1.11,1.8.5,14487
1.11,1.8.4,30468
1.11,1.8.3,24444
1.11,1.8.2,23823
1.11,1.8.18,730
1.11,1.8.17,321035
1.11,1.8.16,39901
1.11,1.8.15,43921
1.11,1.8.14,36496
1.11,1.8.13,21036
1.11,1.8.12,14715
1.11,1.8.11,12981
1.11,1.8.10,16947
1.11,1.8.1,9040
1.11,1.8,51542
1.11,1.7.9,2401
1.11,1.7.8,4815
1.11,1.7.7,8008
1.11,1.7.6,2970
1.11,1.7.5,2652
1.11,1.7.4,7677
1.11,1.7.3,6313
1.11,1.7.2,2604
1.11,1.7.11,33359
1.11,1.7.10,4031
1.11,1.7.1,18536
1.11,1.7,17855
1.11,1.6.9,1306
1.11,1.6.8,8824
1.11,1.6.7,2969
1.11,1.6.6,6437
1.11,1.6.5,20114
1.11,1.6.4,2401
1.11,1.6.3,2046
1.11,1.6.2,7959
1.11,1.6.11,54361
1.11,1.6.10,3583
1.11,1.6.1,3831
1.11,1.6,17207
1.11,1.5.9,1919
1.11,1.5.8,7987
1.11,1.5.7,844
1.11,1.5.6,573
1.11,1.5.5,7557
1.11,1.5.4,10419
1.11,1.5.3,503
1.11,1.5.2,1890
1.11,1.5.12,11691
1.11,1.5.11,1996
1.11,1.5.10,1330
1.11,1.5.1,9532
1.11,1.5,7787
1.11,1.4.9,1121
1.11,1.4.8,557
1.11,1.4.7,395
1.11,1.4.6,481
1.11,1.4.5,2563
1.11,1.4.4,420
1.11,1.4.3,1510
1.11,1.4.22,10264
1.11,1.4.21,970
1.11,1.4.20,746
1.11,1.4.2,1968
1.11,1.4.19,929
1.11,1.4.18,690
1.11,1.4.17,424
1.11,1.4.16,1226
1.11,1.4.15,961
1.11,1.4.14,838
1.11,1.4.13,2862
1.11,1.4.12,451
1.11,1.4.11,733
1.11,1.4.10,979
1.11,1.4.1,13105
1.11,1.4,9095
1.11,1.3.7,2241
1.11,1.3.6,363
1.11,1.3.5,791
1.11,1.3.4,408
1.11,1.3.3,421
1.11,1.3.2,365
1.11,1.3.1,7543
1.11,1.3,4221
1.11,1.2.7,717
1.11,1.2.6,341
1.11,1.2.5,628
1.11,1.2.4,707
1.11,1.2.3,720
1.11,1.2.2,331
1.11,1.2.1,462
1.11,1.2,717
1.11,1.11rc1,10204
1.11,1.11b1,9771
1.11,1.11a1,8920
1.11,1.10rc1,1293
1.11,1.10b1,2112
1.11,1.10a1,936
1.11,1.10.7,2043
1.11,1.10.6,457529
1.11,1.10.5,701536
1.11,1.10.4,111868
1.11,1.10.3,79952
1.11,1.10.2,93441
1.11,1.10.1,62718
1.11,1.10,82359
1.11,1.1.4,890
1.11,1.1.3,524
pre_release,version,downloads_count
1.10,1.9rc2,408
1.10,1.9rc1,1102
1.10,1.9b1,399
1.10,1.9a1,356
1.10,1.9.9,389
1.10,1.9.8,146231
1.10,1.9.7,487593
1.10,1.9.6,221991
1.10,1.9.5,75839
1.10,1.9.4,46110
1.10,1.9.3,12434
1.10,1.9.2,55335
1.10,1.9.1,31441
1.10,1.9,55994
1.10,1.8c1,451
1.10,1.8b2,315
1.10,1.8b1,374
1.10,1.8a1,328
1.10,1.8.9,19658
1.10,1.8.8,20295
1.10,1.8.7,38308
1.10,1.8.6,16092
1.10,1.8.5,36568
1.10,1.8.4,79314
1.10,1.8.3,41471
1.10,1.8.2,29315
1.10,1.8.14,78046
1.10,1.8.13,317835
1.10,1.8.12,30735
1.10,1.8.11,27886
1.10,1.8.10,25337
1.10,1.8.1,13257
1.10,1.8,72436
1.10,1.7.9,15118
1.10,1.7.8,4994
1.10,1.7.7,17002
1.10,1.7.6,4393
1.10,1.7.5,5498
1.10,1.7.4,6816
1.10,1.7.3,4092
1.10,1.7.2,4143
1.10,1.7.11,51471
1.10,1.7.10,8874
1.10,1.7.1,34659
1.10,1.7,29292
1.10,1.6.9,2714
1.10,1.6.8,7910
1.10,1.6.7,4969
1.10,1.6.6,11354
1.10,1.6.5,23030
1.10,1.6.4,2810
1.10,1.6.3,2246
1.10,1.6.2,33010
1.10,1.6.11,72054
1.10,1.6.10,5806
1.10,1.6.1,6228
1.10,1.6,19623
1.10,1.5.9,1416
1.10,1.5.8,2908
1.10,1.5.7,638
1.10,1.5.6,580
1.10,1.5.5,8435
1.10,1.5.4,7828
1.10,1.5.3,850
1.10,1.5.2,1913
1.10,1.5.12,25111
1.10,1.5.11,1736
1.10,1.5.10,1214
1.10,1.5.1,11762
1.10,1.5,8034
1.10,1.4.9,823
1.10,1.4.8,1458
1.10,1.4.7,402
1.10,1.4.6,650
1.10,1.4.5,31963
1.10,1.4.4,438
1.10,1.4.3,2291
1.10,1.4.22,13887
1.10,1.4.21,2212
1.10,1.4.20,1410
1.10,1.4.2,7214
1.10,1.4.19,761
1.10,1.4.18,1244
1.10,1.4.17,390
1.10,1.4.16,1654
1.10,1.4.15,1159
1.10,1.4.14,576
1.10,1.4.13,2514
1.10,1.4.12,566
1.10,1.4.11,644
1.10,1.4.10,1123
1.10,1.4.1,13205
1.10,1.4,12691
1.10,1.3.7,2845
1.10,1.3.6,402
1.10,1.3.5,595
1.10,1.3.4,401
1.10,1.3.3,573
1.10,1.3.2,370
1.10,1.3.1,6433
1.10,1.3,2715
1.10,1.2.7,1175
1.10,1.2.6,336
1.10,1.2.5,620
1.10,1.2.4,436
1.10,1.2.3,565
1.10,1.2.2,324
1.10,1.2.1,445
1.10,1.2,554
1.10,1.10rc1,9332
1.10,1.10b1,15577
1.10,1.10a1,16185
1.10,1.1.4,866
1.10,1.1.3,480
